x,y,z,bridge,tunnel
3552.641,-4449.504,72.443,0,0
3549.392,-4444.900,72.624,0,0
3542.620,-4435.354,72.809,0,0
3536.788,-4427.264,72.974,0,0
3534.933,-4424.812,73.092,0,0
3533.369,-4422.810,73.171,0,0
3531.633,-4420.564,73.241,0,0
3528.629,-4416.579,73.321,0,0
3525.296,-4412.129,73.415,0,0
3521.973,-4407.709,73.519,0,0
3518.824,-4403.555,73.627,0,0
3515.684,-4399.431,73.737,0,0
3512.552,-4395.338,73.850,0,0
3509.481,-4391.358,73.963,0,0
3506.419,-4387.409,74.074,0,0
3503.371,-4383.451,74.177,0,0
3500.343,-4379.480,74.271,0,0
3497.330,-4375.500,74.362,0,0
3494.332,-4371.513,74.455,0,0
3491.366,-4367.538,74.554,0,0
3488.414,-4363.556,74.657,0,0
3485.435,-4359.524,74.755,0,0
3482.303,-4355.275,74.847,0,0
3479.143,-4350.974,74.945,0,0
3475.982,-4346.673,75.057,0,0
3472.831,-4342.389,75.178,0,0
3469.680,-4338.105,75.301,0,0
3466.529,-4333.821,75.419,0,0
3463.378,-4329.537,75.531,0,0
3460.227,-4325.253,75.637,0,0
3457.076,-4320.969,75.738,0,0
3453.926,-4316.682,75.834,0,0
3450.775,-4312.395,75.923,0,0
3447.622,-4308.117,76.006,0,0
3444.475,-4303.864,76.083,0,0
3441.325,-4299.619,76.156,0,0
3438.172,-4295.384,76.231,0,0
3435.025,-4291.170,76.323,0,0
3431.875,-4286.966,76.446,0,0
3428.723,-4282.770,76.596,0,0
3425.577,-4278.596,76.756,0,0
3422.428,-4274.431,76.912,0,0
3419.276,-4270.275,77.058,0,0
3416.131,-4266.141,77.193,0,0
3412.983,-4262.015,77.316,0,0
3409.832,-4257.899,77.428,0,0
3406.687,-4253.807,77.530,0,0
3403.539,-4249.724,77.620,0,0
3400.390,-4245.641,77.701,0,0
3397.243,-4241.555,77.771,0,0
3394.096,-4237.470,77.834,0,0
3390.948,-4233.384,77.899,0,0
3387.801,-4229.298,77.978,0,0
3384.654,-4225.212,78.069,0,0
3381.506,-4221.126,78.158,0,0
3378.359,-4217.041,78.234,0,0
3375.212,-4212.955,78.304,0,0
3372.065,-4208.869,78.396,0,0
3368.917,-4204.783,78.528,0,0
3365.770,-4200.697,78.693,0,0
3362.623,-4196.612,78.870,0,0
3359.471,-4192.530,79.047,0,0
3356.320,-4188.449,79.223,0,0
3353.181,-4184.354,79.397,0,0
3350.051,-4180.234,79.567,0,0
3346.933,-4176.101,79.724,0,0
3343.827,-4171.955,79.848,0,0
3340.727,-4167.787,79.935,0,0
3337.638,-4163.606,80.023,0,0
3334.562,-4159.413,80.173,0,0
3331.491,-4155.198,80.415,0,0
3328.432,-4150.969,80.727,0,0
3325.385,-4146.728,81.064,0,0
3322.343,-4142.466,81.390,0,0
3319.314,-4138.190,81.682,0,0
3316.296,-4133.902,81.922,0,0
3313.288,-4129.588,82.102,0,0
3310.292,-4125.260,82.238,0,0
3307.296,-4120.933,82.350,0,0
3304.296,-4116.610,82.456,0,0
3301.295,-4112.287,82.568,0,0
3298.295,-4107.965,82.690,0,0
3295.295,-4103.642,82.819,0,0
3292.295,-4099.319,82.945,0,0
3289.295,-4094.996,83.061,0,0
3286.295,-4090.673,83.164,0,0
3283.295,-4086.350,83.255,0,0
3280.295,-4082.027,83.334,0,0
3277.294,-4077.704,83.399,0,0
3274.294,-4073.381,83.452,0,0
3271.294,-4069.058,83.493,0,0
3268.288,-4064.715,83.521,0,0
3265.282,-4060.372,83.538,0,0
3262.294,-4056.090,83.554,0,0
3259.417,-4052.014,83.595,0,0
3256.557,-4047.995,83.693,0,0
3253.751,-4044.078,83.881,0,0
3251.230,-4040.514,84.169,0,0
3248.756,-4037.039,84.516,0,0
3246.236,-4033.717,84.851,0,0
3243.807,-4030.741,85.147,0,0
3241.337,-4027.900,85.430,0,0
3238.810,-4025.256,85.717,0,0
3236.450,-4022.965,85.984,0,0
3234.040,-4020.843,86.196,0,0
3231.477,-4019.007,86.335,0,0
3228.768,-4017.551,86.425,0,0
3225.911,-4016.372,86.516,0,0
3222.935,-4015.384,86.646,0,0
3219.662,-4014.552,86.816,0,0
3216.255,-4013.935,87.010,0,0
3212.727,-4013.430,87.196,0,0
3208.700,-4012.988,87.341,0,0
3204.527,-4012.681,87.458,0,0
3200.284,-4012.454,87.644,0,0
3195.781,-4012.296,87.984,0,0
3191.201,-4012.226,88.396,0,0
3186.543,-4012.202,88.815,0,0
3181.525,-4012.229,89.267,0,0
3176.420,-4012.307,89.726,0,0
3171.306,-4012.387,90.187,0,0
3166.172,-4012.454,90.649,0,0
3161.029,-4012.522,91.112,0,0
3155.875,-4012.593,91.576,0,0
3150.677,-4012.666,92.044,0,0
3145.468,-4012.742,92.512,0,0
3140.248,-4012.820,92.982,0,0
3134.986,-4012.900,93.456,0,0
3129.712,-4012.983,93.931,0,0
3124.427,-4013.067,94.406,0,0
3119.096,-4013.156,94.886,0,0
3113.753,-4013.246,95.367,0,0
3108.410,-4013.336,95.848,0,0
3103.071,-4013.426,96.329,0,0
3097.733,-4013.515,96.798,0,0
3092.394,-4013.605,97.106,0,0
3087.055,-4013.694,97.412,0,0
3081.716,-4013.784,97.716,0,0
3076.377,-4013.873,98.020,0,0
3071.034,-4013.969,98.324,0,0
3065.691,-4014.065,98.629,0,0
3060.361,-4014.142,98.936,0,0
3055.093,-4014.214,99.245,0,0
3049.838,-4014.267,99.560,0,0
3044.580,-4014.234,99.882,0,0
3039.299,-4014.092,100.213,0,0
3034.014,-4013.863,100.555,0,0
3028.728,-4013.548,100.910,0,0
3023.420,-4013.146,101.280,0,0
3018.111,-4012.657,101.664,0,0
3012.803,-4012.083,102.064,0,0
3007.469,-4011.421,102.480,0,0
3002.136,-4010.672,102.920,0,0
2996.806,-4009.840,103.406,0,0
2991.451,-4008.910,103.895,0,0
2986.099,-4007.895,104.385,0,0
2980.737,-4006.818,104.878,0,0
2975.285,-4005.652,105.379,0,0
2969.822,-4004.423,105.883,0,0
2964.359,-4003.194,106.387,0,0
2958.901,-4001.986,106.890,0,0
2953.441,-4000.778,107.394,0,0
2947.981,-3999.570,107.897,0,0
2942.479,-3998.352,108.404,0,0
2936.976,-3997.134,108.911,0,0
2931.604,-3995.945,109.386,0,0
2926.754,-3994.892,109.667,0,0
2922.017,-3993.863,109.922,0,0
2917.417,-3992.806,110.141,0,0
2913.276,-3991.791,110.334,0,0
2909.252,-3990.752,110.517,0,0
2905.400,-3989.669,110.694,0,0
2902.091,-3988.703,110.870,0,0
2898.919,-3987.703,111.042,0,0
2895.963,-3986.536,111.205,0,0
2893.477,-3985.347,111.348,0,0
2891.162,-3984.025,111.477,0,0
2889.178,-3982.479,111.624,0,0
2887.730,-3980.822,111.822,0,0
2886.558,-3978.978,112.019,0,0
2885.593,-3977.013,112.216,0,0
2884.773,-3974.861,112.423,0,0
2884.177,-3972.578,112.635,0,0
2883.833,-3970.167,112.854,0,0
2883.798,-3967.215,113.120,0,0
2884.095,-3964.094,113.402,0,0
2884.601,-3960.891,113.694,0,0
2885.391,-3957.222,114.032,0,0
2886.443,-3953.451,114.384,0,0
2887.699,-3949.656,114.744,0,0
2889.277,-3945.586,115.137,0,0
2891.090,-3941.488,115.540,0,0
2893.055,-3937.390,115.949,0,0
2895.249,-3933.116,116.382,0,0
2897.610,-3928.843,116.821,0,0
2900.122,-3924.575,117.267,0,0
2902.917,-3920.087,117.743,0,0
2905.876,-3915.605,118.226,0,0
2908.964,-3911.227,118.708,0,0
2912.162,-3907.020,119.184,0,0
2915.486,-3902.916,119.659,0,0
2918.902,-3898.876,120.135,0,0
2922.417,-3894.869,120.615,0,0
2926.025,-3890.928,121.096,0,0
2929.722,-3887.054,121.578,0,0
2933.534,-3883.220,122.064,0,0
2937.436,-3879.455,122.552,0,0
2941.424,-3875.759,123.042,0,0
2945.571,-3872.126,123.538,0,0
2949.805,-3868.564,124.036,0,0
2954.010,-3864.992,124.532,0,0
2958.108,-3861.418,124.937,0,0
2962.178,-3857.835,125.147,0,0
2966.217,-3854.243,125.334,0,0
2970.190,-3850.676,125.500,0,0
2974.134,-3847.099,125.647,0,0
2978.047,-3843.513,125.782,0,0
2981.919,-3839.952,125.909,0,0
2985.762,-3836.382,126.032,0,0
2989.500,-3832.801,126.154,0,0
2993.014,-3829.341,126.277,0,0
2996.432,-3825.872,126.403,0,0
2999.638,-3822.403,126.535,0,0
3002.354,-3819.226,126.670,0,0
3004.893,-3816.049,126.807,0,0
3007.248,-3812.888,126.934,0,0
3009.288,-3810.025,127.040,0,0
3011.174,-3807.175,127.128,0,0
3012.768,-3804.294,127.214,0,0
3013.981,-3801.634,127.330,0,0
3014.950,-3798.948,127.501,0,0
3015.514,-3796.176,127.733,0,0
3015.558,-3793.151,127.993,0,0
3015.160,-3790.033,128.229,0,0
3014.504,-3786.867,128.427,0,0
3013.476,-3783.336,128.620,0,0
3012.132,-3779.747,128.850,0,0
3010.672,-3776.069,129.131,0,0
3008.992,-3771.888,129.454,0,0
3007.170,-3767.598,129.812,0,0
3005.233,-3763.215,130.202,0,0
3002.994,-3758.301,130.626,0,0
3000.617,-3753.276,131.078,0,0
2998.128,-3748.247,131.546,0,0
2995.443,-3743.050,132.011,0,0
2992.638,-3737.849,132.450,0,0
2989.749,-3732.793,132.858,0,0
2986.906,-3728.103,133.247,0,0
2983.987,-3723.547,133.626,0,0
2981.009,-3719.200,133.995,0,0
2978.254,-3715.347,134.347,0,0
2975.448,-3711.674,134.681,0,0
2972.436,-3708.291,135.006,0,0
2969.282,-3705.326,135.338,0,0
2965.937,-3702.629,135.690,0,0
2962.417,-3700.246,136.065,0,0
2958.742,-3698.251,136.442,0,0
2954.896,-3696.562,136.820,0,0
2950.951,-3695.067,137.199,0,0
2946.837,-3693.728,137.589,0,0
2942.620,-3692.589,137.982,0,0
2938.330,-3691.569,138.379,0,0
2933.842,-3690.643,138.791,0,0
2929.277,-3689.843,139.208,0,0
2924.623,-3689.076,139.633,0,0
2919.582,-3688.281,140.092,0,0
2914.442,-3687.522,140.560,0,0
2909.303,-3686.763,141.027,0,0
2904.196,-3685.993,141.492,0,0
2899.089,-3685.222,141.957,0,0
2893.982,-3684.451,142.422,0,0
2888.869,-3683.706,142.887,0,0
2883.755,-3682.961,143.352,0,0
2878.662,-3682.139,143.816,0,0
2873.617,-3681.219,144.278,0,0
2868.592,-3680.222,144.739,0,0
2863.590,-3679.149,145.199,0,0
2858.626,-3678.002,145.658,0,0
2853.684,-3676.780,146.116,0,0
2848.766,-3675.480,146.574,0,0
2843.883,-3674.108,147.030,0,0
2839.024,-3672.659,147.487,0,0
2834.190,-3671.134,147.940,0,0
2829.389,-3669.534,148.330,0,0
2824.614,-3667.857,148.720,0,0
2819.863,-3666.110,149.115,0,0
2815.136,-3664.263,149.517,0,0
2810.432,-3662.345,149.927,0,0
2805.725,-3660.431,150.345,0,0
2800.996,-3658.542,150.768,0,0
2796.263,-3656.657,151.195,0,0
2791.526,-3654.776,151.625,0,0
2786.778,-3652.895,152.057,0,0
2782.025,-3651.018,152.487,0,0
2777.268,-3649.144,152.912,0,0
2772.500,-3647.271,153.334,0,0
2767.727,-3645.402,153.757,0,0
2762.951,-3643.536,154.183,0,0
2758.161,-3641.672,154.612,0,0
2753.367,-3639.812,155.044,0,0
2748.573,-3637.951,155.474,0,0
2743.781,-3636.090,155.895,0,0
2738.988,-3634.228,156.299,0,0
2734.196,-3632.367,156.690,0,0
2729.403,-3630.505,157.079,0,0
2724.611,-3628.644,157.476,0,0
2719.819,-3626.782,157.892,0,0
2715.026,-3624.921,158.327,0,0
2710.233,-3623.059,158.776,0,0
2705.441,-3621.198,159.231,0,0
2700.659,-3619.339,159.691,0,0
2695.876,-3617.481,160.153,0,0
2691.064,-3615.613,160.618,0,0
2686.119,-3613.698,161.095,0,0
2681.143,-3611.774,161.575,0,0
2676.136,-3609.840,162.058,0,0
2671.007,-3607.862,162.553,0,0
2665.848,-3605.874,163.050,0,0
2660.657,-3603.878,163.551,0,0
2655.345,-3601.837,164.063,0,0
2650.002,-3599.786,164.578,0,0
2644.627,-3597.726,165.096,0,0
2639.129,-3595.622,165.626,0,0
2633.599,-3593.507,166.159,0,0
2628.047,-3591.386,166.694,0,0
2622.402,-3589.233,167.237,0,0
2616.735,-3587.074,167.783,0,0
2611.076,-3584.918,168.328,0,0
2605.463,-3582.779,168.869,0,0
2599.859,-3580.643,169.409,0,0
2594.265,-3578.511,169.948,0,0
2588.705,-3576.392,170.483,0,0
2583.154,-3574.277,171.018,0,0
2577.613,-3572.165,171.551,0,0
2572.106,-3570.066,172.082,0,0
2566.609,-3567.971,172.611,0,0
2561.120,-3565.879,173.140,0,0
2555.670,-3563.802,173.665,0,0
2550.229,-3561.729,174.189,0,0
2544.788,-3559.655,174.713,0,0
2539.340,-3557.580,175.237,0,0
2533.892,-3555.505,175.762,0,0
2528.455,-3553.430,176.286,0,0
2523.060,-3551.365,176.806,0,0
2517.676,-3549.300,177.325,0,0
2512.302,-3547.234,177.843,0,0
2506.966,-3545.178,178.358,0,0
2501.641,-3543.122,178.871,0,0
2496.327,-3541.066,179.384,0,0
2491.051,-3539.019,179.894,0,0
2485.785,-3536.973,180.402,0,0
2480.531,-3534.926,180.910,0,0
2475.314,-3532.889,181.413,0,0
2470.108,-3530.852,181.917,0,0
2464.913,-3528.814,182.419,0,0
2459.760,-3526.786,182.917,0,0
2454.617,-3524.758,183.415,0,0
2449.475,-3522.730,183.912,0,0
2444.315,-3520.783,184.409,0,0
2439.155,-3518.836,184.905,0,0
2434.036,-3516.647,185.406,0,0
2428.734,-3514.033,185.938,0,0
2423.477,-3511.159,186.477,0,0
2418.430,-3508.035,187.012,0,0
2413.693,-3504.729,187.531,0,0
2409.158,-3501.182,188.050,0,0
2404.963,-3497.394,188.558,0,0
2401.297,-3493.456,189.042,0,0
2397.945,-3489.295,189.523,0,0
2394.887,-3485.104,189.990,0,0
2392.245,-3481.333,190.405,0,0
2389.852,-3477.536,190.809,0,0
2387.949,-3473.550,191.206,0,0
2386.574,-3469.250,191.612,0,0
2385.690,-3464.760,192.024,0,0
2385.419,-3460.286,192.428,0,0
2385.899,-3455.908,192.824,0,0
2386.986,-3451.546,192.888,0,0
2388.391,-3447.218,192.937,0,0
2390.184,-3442.697,192.986,0,0
2392.324,-3438.214,193.025,0,0
2394.558,-3433.848,193.052,0,0
2396.697,-3429.860,193.069,0,0
2398.923,-3425.980,193.075,0,0
2401.284,-3421.979,193.073,0,0
2404.106,-3417.174,193.063,0,0
2407.097,-3412.218,193.043,0,0
2410.258,-3407.388,193.005,0,0
2413.599,-3402.780,192.947,0,0
2417.109,-3398.299,192.867,0,0
2420.720,-3393.980,192.769,0,0
2424.297,-3389.952,192.657,0,0
2427.971,-3386.078,192.531,0,0
2431.742,-3382.377,192.386,0,0
2435.535,-3379.008,192.214,0,0
2439.420,-3375.803,192.017,0,0
2443.327,-3372.579,191.800,0,0
2447.373,-3369.222,191.572,0,0
2451.441,-3365.846,191.344,0,0
2455.298,-3362.449,191.126,0,0
2458.686,-3359.342,190.925,0,0
2461.895,-3356.216,190.752,0,0
2464.664,-3352.936,190.625,0,0
2466.791,-3349.734,190.566,0,0
2468.550,-3346.402,190.580,0,0
2469.751,-3343.026,190.636,0,0
2470.353,-3339.831,190.677,0,0
2470.478,-3336.599,190.697,0,0
2469.986,-3333.513,190.761,0,0
2468.665,-3330.531,190.935,0,0
2466.686,-3327.706,191.215,0,0
2464.398,-3325.072,191.529,0,0
2461.703,-3322.488,191.854,0,0
2458.658,-3320.121,192.101,0,0
2455.391,-3317.984,192.307,0,0
2451.688,-3316.033,192.529,0,0
2447.735,-3314.339,192.804,0,0
2443.674,-3312.732,193.134,0,0
2439.329,-3311.110,193.508,0,0
2434.865,-3309.582,193.915,0,0
2430.343,-3308.049,194.345,0,0
2425.590,-3306.449,194.796,0,0
2420.775,-3304.843,195.253,0,0
2415.972,-3303.145,195.711,0,0
2411.162,-3301.307,196.175,0,0
2406.364,-3299.375,196.640,0,0
2401.532,-3297.340,197.112,0,0
2396.433,-3295.099,197.613,0,0
2391.297,-3292.745,198.122,0,0
2386.175,-3290.312,198.632,0,0
2381.025,-3287.750,199.150,0,0
2375.888,-3285.107,199.670,0,0
2370.752,-3282.464,200.190,0,0
2365.609,-3279.850,200.709,0,0
2360.467,-3277.237,201.228,0,0
2355.328,-3274.616,201.747,0,0
2350.188,-3271.982,202.267,0,0
2345.051,-3269.340,202.787,0,0
2339.917,-3266.691,203.307,0,0
2334.781,-3264.032,203.827,0,0
2329.647,-3261.364,204.348,0,0
2324.516,-3258.689,204.869,0,0
2319.384,-3256.004,205.390,0,0
2314.255,-3253.311,205.911,0,0
2309.128,-3250.611,206.433,0,0
2304.000,-3247.900,206.955,0,0
2298.874,-3245.182,207.477,0,0
2293.751,-3242.456,208.000,0,0
2288.628,-3239.717,208.522,0,0
2283.507,-3236.970,209.045,0,0
2278.386,-3234.223,209.568,0,0
2273.290,-3231.474,210.090,0,0
2268.193,-3228.724,210.611,0,0
2263.021,-3225.991,211.137,0,0
2257.569,-3223.158,211.690,0,0
2252.035,-3220.343,212.249,0,0
2246.465,-3217.669,212.805,0,0
2240.935,-3215.204,213.350,0,0
2235.368,-3212.876,213.893,0,0
2229.767,-3210.693,214.398,0,0
2224.186,-3208.674,214.817,0,0
2218.572,-3206.796,215.219,0,0
2212.930,-3205.064,215.626,0,0
2207.297,-3203.491,216.049,0,0
2201.636,-3202.062,216.489,0,0
2195.952,-3200.782,216.946,0,0
2190.244,-3199.653,217.418,0,0
2184.513,-3198.671,217.904,0,0
2178.833,-3197.846,218.403,0,0
2173.445,-3197.250,218.891,0,0
2168.105,-3196.798,219.374,0,0
2162.765,-3196.347,219.856,0,0
2157.441,-3195.847,220.337,0,0
2152.118,-3195.347,220.818,0,0
2146.697,-3194.848,221.308,0,0
2140.780,-3194.362,221.843,0,0
2134.754,-3193.877,222.387,0,0
2128.787,-3193.279,222.926,0,0
2123.034,-3192.605,223.448,0,0
2117.337,-3191.823,223.965,0,0
2111.770,-3190.759,224.475,0,0
2106.526,-3189.412,224.963,0,0
2101.405,-3187.803,225.446,0,0
2096.439,-3185.915,225.924,0,0
2091.719,-3183.810,226.389,0,0
2087.149,-3181.439,226.852,0,0
2082.794,-3178.746,227.313,0,0
2078.610,-3175.715,227.778,0,0
2074.642,-3172.361,228.246,0,0
2071.086,-3168.675,228.707,0,0
2068.126,-3164.641,229.157,0,0
2065.571,-3160.282,229.612,0,0
2063.157,-3155.772,230.072,0,0
2060.747,-3150.943,230.558,0,0
2058.491,-3145.951,231.051,0,0
2056.272,-3140.917,231.546,0,0
2054.023,-3135.815,232.048,0,0
2051.812,-3130.670,232.425,0,0
2049.637,-3125.483,232.636,0,0
2047.527,-3120.133,232.846,0,0
2045.455,-3114.741,233.057,0,0
2043.254,-3109.471,233.275,0,0
2040.975,-3104.496,233.514,0,0
2038.577,-3099.637,233.793,0,0
2035.965,-3095.000,234.127,0,0
2033.259,-3090.768,234.530,0,0
2030.358,-3086.741,234.977,0,0
2027.187,-3083.018,235.417,0,0
2023.779,-3079.680,235.846,0,0
2020.111,-3076.635,236.275,0,0
2016.217,-3073.916,236.703,0,0
2012.050,-3071.545,237.134,0,0
2007.653,-3069.507,237.570,0,0
2003.056,-3067.697,238.015,0,0
1997.861,-3066.113,238.504,0,0
1992.438,-3064.790,239.006,0,0
1986.979,-3063.309,239.515,0,0
1981.253,-3061.489,240.056,0,0
1975.488,-3059.496,240.605,0,0
1969.865,-3057.218,241.151,0,0
1964.462,-3054.653,241.689,0,0
1959.198,-3051.807,242.228,0,0
1954.164,-3048.634,242.763,0,0
1949.380,-3045.119,243.298,0,0
1944.823,-3041.280,243.834,0,0
1940.580,-3037.163,244.366,0,0
1936.683,-3032.830,244.890,0,0
1933.093,-3028.225,245.416,0,0
1929.926,-3023.355,245.939,0,0
1927.242,-3018.124,246.468,0,0
1924.986,-3012.625,246.603,0,0
1923.036,-3007.048,246.618,0,0
1921.436,-3001.510,246.604,0,0
1920.135,-2995.896,246.569,0,0
1918.941,-2990.233,246.527,0,0
1917.752,-2984.445,246.491,0,0
1916.672,-2978.607,246.458,0,0
1915.770,-2972.755,246.416,0,0
1915.101,-2966.938,246.354,0,0
1914.608,-2961.108,246.271,0,0
1914.204,-2955.244,246.170,0,0
1913.859,-2949.225,246.055,0,0
1913.605,-2943.170,245.927,0,0
1913.427,-2937.151,245.792,0,0
1913.319,-2931.296,245.659,0,0
1913.285,-2925.475,245.549,0,0
1913.328,-2919.689,245.482,0,0
1913.399,-2914.004,245.455,0,0
1913.545,-2908.353,245.442,0,0
1913.906,-2902.859,245.421,0,0
1914.481,-2897.920,245.383,0,0
1915.242,-2893.118,245.327,0,0
1916.185,-2888.487,245.263,0,0
1917.139,-2884.342,245.202,0,0
1918.249,-2880.343,245.152,0,0
1919.747,-2876.579,245.110,0,0
1921.669,-2873.147,245.068,0,0
1923.959,-2869.937,245.015,0,0
1926.574,-2867.005,244.947,0,0
1929.592,-2864.301,244.863,0,0
1932.956,-2861.892,244.752,0,0
1936.664,-2859.767,244.583,0,0
1941.406,-2857.807,244.310,0,0
1946.592,-2856.212,243.925,0,0
1951.854,-2854.651,243.507,0,0
1957.267,-2853.009,243.185,0,0
1962.761,-2851.403,243.041,0,0
1968.290,-2849.679,243.070,0,0
1974.082,-2847.721,243.239,0,0
1979.911,-2845.636,243.534,0,0
1985.649,-2843.407,243.964,0,0
1991.175,-2841.067,244.504,0,0
1996.612,-2838.586,245.042,0,0
2001.952,-2835.963,245.577,0,0
2007.180,-2833.242,246.108,0,0
2012.313,-2830.382,246.637,0,0
2017.198,-2827.347,247.154,0,0
2021.466,-2824.288,247.627,0,0
2025.512,-2821.074,248.092,0,0
2029.552,-2817.772,248.561,0,0
2033.766,-2814.278,249.054,0,0
2037.973,-2810.692,249.469,0,0
2042.199,-2807.088,249.728,0,0
2046.510,-2803.450,249.960,0,0
2050.841,-2799.795,250.169,0,0
2055.200,-2796.108,250.355,0,0
2059.682,-2792.302,250.521,0,0
2064.193,-2788.464,250.668,0,0
2068.730,-2784.594,250.807,0,0
2073.401,-2780.631,250.942,0,0
2078.099,-2776.636,251.079,0,0
2082.792,-2772.547,251.211,0,0
2087.630,-2768.208,251.333,0,0
2092.463,-2763.770,251.442,0,0
2097.203,-2759.276,251.536,0,0
2101.766,-2754.794,251.615,0,0
2106.237,-2750.258,251.680,0,0
2110.613,-2745.665,251.732,0,0
2114.848,-2741.065,251.776,0,0
2118.990,-2736.411,251.832,0,0
2123.022,-2731.715,251.941,0,0
2126.873,-2727.071,252.125,0,0
2130.620,-2722.386,252.368,0,0
2134.254,-2717.662,252.635,0,0
2137.704,-2712.963,252.904,0,0
2141.046,-2708.226,253.167,0,0
2144.308,-2703.507,253.422,0,0
2147.373,-2698.972,253.666,0,0
2150.362,-2694.454,253.895,0,0
2153.364,-2689.939,254.111,0,0
2156.418,-2685.409,254.313,0,0
2159.486,-2680.881,254.504,0,0
2162.566,-2676.355,254.686,0,0
2165.669,-2671.820,254.859,0,0
2168.786,-2667.286,255.030,0,0
2171.915,-2662.756,255.201,0,0
2175.085,-2658.190,255.373,0,0
2178.268,-2653.627,255.542,0,0
2181.410,-2649.140,255.710,0,0
2184.338,-2644.970,255.879,0,0
2187.228,-2640.869,256.046,0,0
2190.136,-2636.786,256.208,0,0
2193.073,-2632.718,256.360,0,0
2196.026,-2628.667,256.504,0,0
2198.984,-2624.632,256.640,0,0
2201.922,-2620.638,256.768,0,0
2204.863,-2616.658,256.886,0,0
2207.809,-2612.694,256.994,0,0
2210.745,-2608.784,257.083,0,0
2213.686,-2604.888,257.140,0,0
2216.610,-2600.973,257.161,0,0
2219.545,-2597.044,257.157,0,0
2222.463,-2593.094,257.147,0,0
2225.304,-2589.017,257.144,0,0
2228.196,-2584.582,257.155,0,0
2231.004,-2580.009,257.187,0,0
2233.603,-2575.362,257.241,0,0
2235.932,-2570.748,257.320,0,0
2238.060,-2566.064,257.417,0,0
2239.925,-2561.321,257.520,0,0
2241.515,-2556.620,257.615,0,0
2242.851,-2551.861,257.705,0,0
2243.820,-2547.025,257.815,0,0
2244.381,-2542.011,257.979,0,0
2244.564,-2536.916,258.220,0,0
2244.399,-2531.807,258.541,0,0
2243.802,-2526.567,258.925,0,0
2242.840,-2521.313,259.346,0,0
2241.746,-2516.118,259.777,0,0
2240.575,-2511.100,260.200,0,0
2239.276,-2506.139,260.604,0,0
2237.976,-2501.195,260.980,0,0
2236.675,-2496.335,261.324,0,0
2235.374,-2491.491,261.633,0,0
2234.227,-2486.556,261.907,0,0
2233.231,-2481.305,262.153,0,0
2232.401,-2475.956,262.372,0,0
2231.818,-2470.558,262.563,0,0
2231.519,-2465.004,262.727,0,0
2231.475,-2459.400,262.864,0,0
2231.638,-2453.869,262.977,0,0
2232.034,-2448.651,263.066,0,0
2232.625,-2443.502,263.131,0,0
2233.241,-2438.383,263.168,0,0
2233.879,-2433.391,263.178,0,0
2234.542,-2428.428,263.174,0,0
2235.048,-2423.406,263.182,0,0
2235.371,-2418.109,263.217,0,0
2235.528,-2412.750,263.286,0,0
2235.426,-2407.425,263.388,0,0
2235.040,-2402.226,263.519,0,0
2234.401,-2397.061,263.662,0,0
2233.507,-2391.950,263.775,0,0
2232.338,-2386.912,263.803,0,0
2230.914,-2381.928,263.726,0,0
2229.290,-2376.982,263.574,0,0
2227.428,-2371.972,263.393,0,0
2225.359,-2367.001,263.204,0,0
2223.158,-2362.105,263.006,0,0
2220.861,-2357.274,262.797,0,0
2218.433,-2352.518,262.575,0,0
2215.890,-2348.006,262.341,0,0
2213.465,-2344.099,262.090,0,0
2210.943,-2340.399,261.804,0,0
2208.297,-2336.992,261.462,0,0
2205.813,-2334.141,261.122,0,0
2203.228,-2331.532,260.791,0,0
2200.447,-2329.284,260.470,0,0
2197.545,-2327.536,260.165,0,0
2194.462,-2326.121,259.859,0,0
2191.248,-2324.940,259.624,0,0
2187.754,-2323.966,259.670,0,0
2184.118,-2323.248,259.783,0,0
2180.379,-2322.646,259.933,0,0
2176.265,-2322.109,260.106,0,0
2172.035,-2321.706,260.298,0,0
2167.727,-2321.356,260.502,0,0
2163.107,-2321.029,260.718,0,0
2158.402,-2320.760,260.941,0,0
2153.665,-2320.508,261.173,0,0
2148.852,-2320.279,261.422,0,0
2144.006,-2320.068,261.720,0,0
2139.034,-2319.793,262.090,0,0
2133.442,-2319.415,262.523,0,0
2127.703,-2318.963,262.984,0,0
2121.905,-2318.370,263.446,0,0
2115.792,-2317.570,263.902,0,0
2109.616,-2316.618,264.349,0,0
2103.534,-2315.551,264.778,0,0
2097.773,-2314.451,265.178,0,0
2092.100,-2313.243,265.537,0,0
2086.580,-2311.838,265.849,0,0
2081.499,-2310.334,266.115,0,0
2076.556,-2308.651,266.347,0,0
2071.720,-2306.653,266.559,0,0
2066.803,-2304.242,266.755,0,0
2061.996,-2301.503,266.919,0,0
2057.550,-2298.447,267.033,0,0
2053.745,-2295.228,267.093,0,0
2050.266,-2291.723,267.109,0,0
2047.092,-2288.006,267.083,0,0
2044.334,-2284.141,267.012,0,0
2041.873,-2280.071,266.890,0,0
2039.478,-2275.853,266.707,0,0
2036.946,-2271.173,266.465,0,0
2034.489,-2266.326,266.173,0,0
2032.047,-2261.486,265.854,0,0
2029.615,-2256.692,265.526,0,0
2027.198,-2251.904,265.205,0,0
2024.800,-2247.273,264.900,0,0
2022.671,-2243.213,264.614,0,0
2020.558,-2239.286,264.351,0,0
2018.290,-2235.440,264.117,0,0
2015.785,-2231.629,263.923,0,0
2013.123,-2227.901,263.777,0,0
2010.314,-2224.262,263.670,0,0
2007.314,-2220.661,263.585,0,0
2004.162,-2217.152,263.506,0,0
2000.873,-2213.737,263.435,0,0
1997.377,-2210.389,263.379,0,0
1993.737,-2207.138,263.339,0,0
1989.965,-2203.865,263.306,0,0
1985.764,-2200.300,263.269,0,0
1981.409,-2196.710,263.221,0,0
1976.936,-2193.049,263.156,0,0
1971.915,-2188.984,263.067,0,0
1966.756,-2184.837,262.951,0,0
1961.724,-2180.697,262.804,0,0
1957.089,-2176.793,262.626,0,0
1952.570,-2172.895,262.418,0,0
1948.276,-2168.966,262.182,0,0
1944.467,-2165.321,261.927,0,0
1940.854,-2161.648,261.662,0,0
1937.558,-2157.772,261.385,0,0
1934.664,-2153.659,261.081,0,0
1932.078,-2149.347,260.732,0,0
1929.783,-2144.932,260.316,0,0
1927.805,-2140.488,259.879,0,0
1926.110,-2135.942,259.442,0,0
1924.682,-2131.369,259.011,0,0
1923.629,-2126.918,258.599,0,0
1922.831,-2122.441,258.190,0,0
1922.027,-2117.913,257.776,0,0
1921.134,-2113.166,257.341,0,0
1920.235,-2108.364,256.902,0,0
1919.228,-2103.527,256.457,0,0
1918.057,-2098.441,255.987,0,0
1916.771,-2093.317,255.512,0,0
1915.317,-2088.295,255.041,0,0
1913.715,-2083.588,254.594,0,0
1911.956,-2078.978,254.150,0,0
1910.082,-2074.401,253.705,0,0
1908.079,-2069.828,253.255,0,0
1905.960,-2065.290,252.804,0,0
1903.771,-2060.730,252.349,0,0
1901.434,-2055.986,251.873,0,0
1899.023,-2051.219,251.392,0,0
1896.612,-2046.451,250.912,0,0
1894.226,-2041.692,250.433,0,0
1891.839,-2036.933,249.953,0,0
1889.453,-2032.173,249.474,0,0
1887.067,-2027.414,248.995,0,0
1884.680,-2022.654,248.516,0,0
1882.294,-2017.895,248.037,0,0
1879.908,-2013.131,247.557,0,0
1877.523,-2008.367,247.078,0,0
1875.135,-2003.617,246.599,0,0
1872.756,-1998.913,246.125,0,0
1870.374,-1994.222,245.651,0,0
1867.989,-1989.546,245.179,0,0
1865.615,-1984.910,244.710,0,0
1863.238,-1980.288,244.242,0,0
1860.857,-1975.680,243.775,0,0
1858.487,-1971.114,243.312,0,0
1856.114,-1966.561,242.850,0,0
1853.738,-1962.022,242.389,0,0
1851.373,-1957.525,241.932,0,0
1849.004,-1953.041,241.476,0,0
1846.632,-1948.570,241.020,0,0
1844.271,-1944.146,240.569,0,0
1841.905,-1939.735,240.118,0,0
1839.540,-1935.325,239.668,0,0
1837.176,-1930.909,239.217,0,0
1834.812,-1926.494,238.766,0,0
1832.448,-1922.079,238.316,0,0
1830.081,-1917.631,237.862,0,0
1827.715,-1913.184,237.409,0,0
1825.355,-1908.834,236.963,0,0
1823.139,-1904.817,236.550,0,0
1820.929,-1900.887,236.145,0,0
1818.674,-1897.073,235.746,0,0
1816.486,-1893.534,235.371,0,0
1814.258,-1890.099,235.003,0,0
1811.942,-1886.841,234.643,0,0
1809.678,-1883.937,234.312,0,0
1807.336,-1881.189,233.987,0,0
1804.904,-1878.700,233.674,0,0
1802.649,-1876.631,233.398,0,0
1800.319,-1874.778,233.130,0,0
1797.794,-1873.326,232.868,0,0
1794.974,-1872.397,232.601,0,0
1791.954,-1871.879,232.325,0,0
1788.824,-1871.569,232.042,0,0
1785.284,-1871.415,231.723,0,0
1781.611,-1871.511,231.393,0,0
1777.868,-1871.798,231.055,0,0
1773.779,-1872.331,230.684,0,0
1769.610,-1873.086,230.302,0,0
1765.385,-1873.968,229.914,0,0
1760.867,-1875.038,229.496,0,0
1756.288,-1876.252,229.070,0,0
1751.633,-1877.517,228.635,0,0
1746.587,-1878.923,228.164,0,0
1741.457,-1880.387,227.684,0,0
1736.377,-1881.770,227.210,0,0
1731.579,-1882.994,226.764,0,0
1726.826,-1884.144,226.324,0,0
1722.123,-1885.174,225.891,0,0
1717.717,-1886.078,225.486,0,0
1713.356,-1886.872,225.087,0,0
1708.908,-1887.416,224.684,0,0
1704.088,-1887.645,224.250,0,0
1699.173,-1887.601,223.807,0,0
1694.252,-1887.351,223.364,0,0
1689.295,-1886.907,222.916,0,0
1684.332,-1886.254,222.465,0,0
1679.377,-1885.401,222.013,0,0
1674.353,-1884.297,221.550,0,0
1669.336,-1882.986,221.083,0,0
1664.282,-1881.567,220.611,0,0
1658.984,-1879.991,220.113,0,0
1653.647,-1878.297,219.609,0,0
1648.248,-1876.550,219.099,0,0
1642.516,-1874.629,218.555,0,0
1636.717,-1872.650,218.003,0,0
1630.956,-1870.810,217.459,0,0
1625.494,-1869.240,216.947,0,0
1620.066,-1867.799,216.442,0,0
1614.611,-1866.466,215.936,0,0
1609.098,-1865.234,215.428,0,0
1603.557,-1864.110,214.919,0,0
1597.992,-1863.095,214.410,0,0
1592.384,-1862.185,213.899,0,0
1586.752,-1861.386,213.387,0,0
1581.100,-1860.695,212.874,0,0
1575.389,-1860.106,212.358,0,0
1569.658,-1859.626,211.840,0,0
1563.933,-1859.266,211.324,0,0
1558.256,-1859.066,210.812,0,0
1552.585,-1858.983,210.302,0,0
1546.940,-1858.911,209.794,0,0
1541.400,-1858.815,209.295,0,0
1535.884,-1858.730,208.799,0,0
1530.394,-1858.656,208.305,0,0
1525.003,-1858.594,207.819,0,0
1519.637,-1858.542,207.336,0,0
1514.295,-1858.502,206.856,0,0
1509.054,-1858.473,206.384,0,0
1503.837,-1858.455,205.914,0,0
1498.644,-1858.449,205.447,0,0
1493.560,-1858.457,204.990,0,0
1488.500,-1858.477,204.534,0,0
1483.440,-1858.497,204.079,0,0
1478.373,-1858.513,203.623,0,0
1473.305,-1858.528,203.167,0,0
1468.236,-1858.544,202.710,0,0
1463.171,-1858.578,202.255,0,0
1458.106,-1858.612,201.799,0,0
1453.032,-1858.592,201.342,0,0
1447.922,-1858.501,200.882,0,0
1442.804,-1858.355,200.421,0,0
1437.679,-1858.157,199.960,0,0
1432.519,-1857.904,199.495,0,0
1427.351,-1857.598,199.029,0,0
1422.176,-1857.239,198.562,0,0
1416.966,-1856.825,198.091,0,0
1411.748,-1856.357,197.620,0,0
1406.525,-1855.838,197.224,0,0
1401.263,-1855.262,197.302,0,0
1395.996,-1854.634,197.374,0,0
1390.724,-1853.954,197.438,0,0
1385.409,-1853.225,197.491,0,0
1380.088,-1852.443,197.534,0,0
1374.774,-1851.588,197.565,0,0
1369.449,-1850.647,197.581,0,0
1364.131,-1849.631,197.579,0,0
1358.819,-1848.543,197.550,0,0
1353.492,-1847.375,197.481,0,0
1348.172,-1846.134,197.370,0,0
1342.860,-1844.820,197.226,0,0
1337.529,-1843.425,197.064,0,0
1332.208,-1841.958,196.889,0,0
1326.896,-1840.419,196.704,0,0
1321.562,-1838.797,196.508,0,0
1316.239,-1837.104,196.300,0,0
1310.927,-1835.339,196.081,0,0
1305.589,-1833.447,195.843,0,0
1300.263,-1831.484,195.572,0,0
1294.954,-1829.582,195.231,0,0
1289.759,-1827.788,194.772,0,0
1284.580,-1826.054,194.280,0,0
1279.421,-1824.468,193.794,0,0
1274.429,-1823.073,193.328,0,0
1269.456,-1821.817,192.866,0,0
1264.573,-1820.791,192.417,0,0
1260.137,-1820.030,192.012,0,0
1255.777,-1819.467,191.617,0,0
1251.540,-1819.239,191.235,0,0
1247.758,-1819.312,190.894,0,0
1244.080,-1819.667,190.562,0,0
1240.559,-1820.460,190.237,0,0
1237.273,-1821.755,189.919,0,0
1234.140,-1823.471,189.597,0,0
1231.170,-1825.493,189.274,0,0
1228.259,-1827.937,188.932,0,0
1225.526,-1830.715,188.581,0,0
1222.930,-1833.693,188.226,0,0
1220.377,-1837.034,187.905,0,0
1217.977,-1840.595,188.097,0,0
1215.597,-1844.267,188.305,0,0
1213.079,-1848.292,188.513,0,0
1210.583,-1852.440,188.704,0,0
1208.039,-1856.528,188.859,0,0
1205.468,-1860.480,188.974,0,0
1202.849,-1864.375,189.055,0,0
1200.166,-1868.076,189.107,0,0
1197.623,-1871.331,189.131,0,0
1195.025,-1874.419,189.130,0,0
1192.343,-1877.230,189.108,0,0
1189.824,-1879.545,189.075,0,0
1187.237,-1881.633,189.043,0,0
1184.599,-1883.375,189.034,0,0
1182.186,-1884.657,189.059,0,0
1179.732,-1885.664,189.057,0,0
1177.300,-1886.232,188.869,0,0
1175.053,-1886.271,188.667,0,0
1172.823,-1885.934,188.464,0,0
1170.712,-1885.360,188.267,0,0
1168.805,-1884.670,188.085,0,0
1167.004,-1883.767,187.903,0,0
1165.433,-1882.554,187.725,0,0
1164.046,-1880.795,187.523,0,0
1162.930,-1878.672,187.307,0,0
1162.052,-1876.361,187.085,0,0
1161.385,-1873.521,186.822,0,0
1161.025,-1870.438,186.543,0,0
1160.803,-1867.255,186.256,0,0
1160.684,-1863.727,185.938,0,0
1160.727,-1860.081,185.610,0,0
1160.846,-1856.307,185.270,0,0
1161.067,-1851.950,184.877,0,0
1161.381,-1847.435,184.470,0,0
1161.693,-1842.787,184.051,0,0
1162.013,-1837.522,183.576,0,0
1162.331,-1832.098,183.087,0,0
1162.600,-1826.645,182.596,0,0
1162.817,-1821.117,182.098,0,0
1162.983,-1815.560,181.597,0,0
1163.073,-1809.982,181.095,0,0
1163.044,-1804.318,180.585,0,0
1162.937,-1798.633,180.074,0,0
1162.850,-1792.937,179.561,0,0
1162.796,-1787.188,179.044,0,0
1162.763,-1781.427,178.525,0,0
1162.814,-1775.682,178.008,0,0
1162.966,-1770.016,177.498,0,0
1163.201,-1764.366,176.989,0,0
1163.520,-1758.734,176.481,0,0
1163.905,-1753.147,175.977,0,0
1164.373,-1747.577,175.474,0,0
1164.971,-1742.093,174.978,0,0
1165.659,-1736.901,174.506,0,0
1166.467,-1731.787,174.040,0,0
1167.470,-1726.803,173.583,0,0
1168.602,-1722.262,173.162,0,0
1169.911,-1717.838,172.746,0,0
1171.466,-1713.344,172.318,0,0
1173.582,-1708.175,171.816,0,0
1175.998,-1702.922,171.295,0,0
1178.445,-1697.800,170.784,0,0
1180.708,-1693.137,170.318,0,0
1182.999,-1688.591,169.860,0,0
1185.300,-1684.181,169.412,0,0
1187.492,-1680.217,169.004,0,0
1189.693,-1676.372,168.606,0,0
1191.791,-1672.561,168.214,0,0
1193.679,-1668.954,167.848,0,0
1195.474,-1665.379,167.488,0,0
1197.094,-1661.830,167.137,0,0
1198.555,-1658.467,166.807,0,0
1199.865,-1655.127,166.484,0,0
1200.615,-1652.041,166.198,0,0
1200.683,-1649.945,166.009,0,0
1200.432,-1647.994,165.832,0,0
1199.936,-1646.150,165.660,0,0
1199.275,-1644.423,165.494,0,0
1198.386,-1642.796,165.327,0,0
1197.193,-1641.376,165.160,0,0
1195.352,-1640.073,164.957,0,0
1193.111,-1639.043,164.735,0,0
1190.680,-1638.206,164.504,0,0
1187.656,-1637.500,164.224,0,0
1184.374,-1637.057,163.926,0,0
1180.915,-1636.705,163.613,0,0
1176.668,-1636.360,163.230,0,0
1172.182,-1636.138,162.826,0,0
1167.541,-1636.000,162.408,0,0
1162.224,-1635.953,161.929,0,0
1156.716,-1636.008,161.433,0,0
1151.082,-1636.084,160.926,0,0
1144.894,-1636.189,160.369,0,0
1138.561,-1636.318,159.799,0,0
1132.175,-1636.387,159.224,0,0
1125.606,-1636.363,158.633,0,0
1118.982,-1636.276,158.037,0,0
1112.306,-1636.129,157.436,0,0
1105.389,-1635.916,156.813,0,0
1098.418,-1635.641,156.185,0,0
1091.474,-1635.309,155.560,0,0
1084.659,-1634.928,154.945,0,0
1077.871,-1634.491,154.333,0,0
1071.112,-1633.997,153.723,0,0
1064.452,-1633.452,153.122,0,0
1057.821,-1632.851,152.523,0,0
1051.218,-1632.192,151.925,0,0
1044.680,-1631.490,151.334,0,0
1038.170,-1630.731,150.744,0,0
1031.794,-1629.895,150.165,0,0
1025.890,-1629.030,149.628,0,0
1020.106,-1628.096,149.101,0,0
1014.525,-1627.076,148.590,0,0
1009.643,-1626.079,148.142,0,0
1004.930,-1625.011,147.707,0,0
1000.383,-1623.841,147.284,0,0
996.332,-1622.723,146.906,0,0
992.423,-1621.520,146.538,0,0
988.683,-1620.055,146.176,0,0
985.205,-1618.337,145.827,0,0
981.886,-1616.375,145.480,0,0
978.810,-1614.150,145.138,0,0
976.085,-1611.676,144.807,0,0
973.594,-1608.950,144.475,0,0
971.247,-1606.051,144.139,0,0
968.966,-1602.872,143.787,0,0
966.840,-1599.509,143.429,0,0
964.770,-1596.008,143.063,0,0
962.598,-1592.115,142.662,0,0
960.491,-1588.066,142.251,0,0
958.406,-1583.915,141.833,0,0
956.207,-1579.418,141.382,0,0
954.034,-1574.807,140.923,0,0
951.910,-1570.181,140.465,0,0
949.873,-1565.588,140.013,0,0
947.886,-1560.980,139.562,0,0
945.899,-1556.372,139.110,0,0
943.894,-1551.727,138.655,0,0
941.889,-1547.082,138.199,0,0
939.888,-1542.562,137.754,0,0
938.040,-1538.486,137.352,0,0
936.196,-1534.519,136.958,0,0
934.321,-1530.698,136.575,0,0
932.567,-1527.288,136.230,0,0
930.787,-1524.003,135.893,0,0
928.931,-1520.903,135.568,0,0
927.210,-1518.231,135.282,0,0
925.427,-1515.714,135.005,0,0
923.427,-1513.429,134.731,0,0
921.168,-1511.416,134.459,0,0
918.698,-1509.630,134.185,0,0
916.060,-1508.090,133.910,0,0
913.112,-1506.833,133.621,0,0
909.983,-1505.839,133.326,0,0
906.831,-1504.886,133.029,0,0
903.664,-1503.907,132.731,0,0
900.473,-1502.970,132.432,0,0
897.307,-1502.030,132.135,0,0
894.231,-1501.123,131.846,0,0
891.180,-1500.212,131.559,0,0
888.213,-1499.207,131.277,0,0
885.407,-1498.161,131.008,0,0
882.679,-1497.028,130.742,0,0
880.228,-1495.700,130.491,0,0
878.308,-1494.381,130.281,0,0
876.599,-1492.913,130.079,0,0
875.286,-1491.191,129.884,0,0
874.493,-1489.054,129.679,0,0
874.126,-1486.644,129.459,0,0
873.916,-1484.097,129.229,0,0
873.813,-1480.974,128.948,0,0
873.924,-1477.664,128.650,0,0
874.105,-1474.263,128.344,0,0
874.372,-1470.454,128.000,0,0
874.720,-1466.536,127.646,0,0
875.022,-1462.615,127.292,0,0
875.253,-1458.706,126.939,0,0
875.438,-1454.794,126.587,0,0
875.512,-1450.924,126.239,0,0
875.505,-1447.189,125.903,0,0
875.394,-1443.494,125.570,0,0
875.043,-1439.970,125.251,0,0
874.570,-1436.953,124.976,0,0
873.904,-1434.072,124.710,0,0
872.786,-1431.459,124.454,0,0
871.072,-1429.169,124.197,0,0
868.905,-1427.146,123.930,0,0
866.461,-1425.346,123.657,0,0
863.409,-1423.649,123.343,0,0
860.011,-1422.231,123.011,0,0
856.444,-1420.894,122.668,0,0
852.316,-1419.447,122.275,0,0
847.979,-1418.101,121.866,0,0
843.499,-1416.797,121.446,0,0
838.468,-1415.399,120.976,0,0
833.269,-1414.051,120.493,0,0
827.975,-1412.781,120.003,0,0
822.307,-1411.530,119.480,0,0
816.536,-1410.362,118.950,0,0
810.849,-1409.323,118.430,0,0
805.589,-1408.443,117.950,0,0
800.405,-1407.678,117.478,0,0
795.303,-1407.109,117.016,0,0
790.542,-1406.708,116.586,0,0
785.855,-1406.483,116.164,0,0
781.279,-1406.645,115.752,0,0
776.983,-1407.249,115.362,0,0
772.788,-1408.205,114.974,0,0
768.840,-1409.449,114.602,0,0
765.505,-1410.827,114.277,0,0
762.374,-1412.443,113.960,0,0
759.470,-1414.242,113.652,0,0
756.988,-1416.027,113.377,0,0
754.701,-1417.968,113.107,0,0
752.599,-1420.162,112.834,0,0
750.562,-1422.858,112.530,0,0
748.738,-1425.842,112.215,0,0
747.096,-1429.006,111.894,0,0
745.546,-1432.598,111.542,0,0
744.205,-1436.396,111.180,0,0
743.019,-1440.268,110.815,0,0
742.003,-1444.233,110.447,0,0
741.149,-1448.274,110.075,0,0
740.305,-1452.430,109.693,0,0
739.352,-1457.077,109.267,0,0
738.412,-1461.859,108.828,0,0
737.471,-1466.769,108.378,0,0
736.432,-1472.219,107.879,0,0
735.393,-1477.818,107.366,0,0
734.405,-1483.547,106.843,0,0
733.422,-1489.785,106.275,0,0
732.498,-1496.169,105.694,0,0
731.655,-1502.694,105.102,0,0
730.873,-1509.857,104.453,0,0
730.182,-1517.177,103.792,0,0
729.535,-1524.394,103.140,0,0
728.963,-1531.123,102.532,0,0
728.431,-1537.756,101.933,0,0
727.878,-1544.267,101.345,0,0
727.333,-1550.325,100.797,0,0
726.769,-1556.272,100.260,0,0
726.133,-1562.070,99.735,0,0
725.528,-1567.419,99.250,0,0
724.860,-1572.638,98.777,0,0
723.917,-1577.463,98.334,0,0
722.920,-1581.211,97.985,0,0
721.733,-1584.686,97.655,0,0
720.187,-1587.571,97.360,0,0
718.625,-1589.315,97.410,0,0
716.837,-1590.688,97.530,0,0
714.931,-1591.819,97.642,0,0
712.933,-1592.758,97.696,0,0
710.818,-1593.459,97.599,0,0
708.686,-1593.872,97.404,0,0
706.571,-1594.055,97.213,0,0
704.438,-1593.959,97.021,0,0
702.382,-1593.360,96.828,0,0
699.979,-1591.630,96.561,0,0
697.693,-1589.124,96.256,0,0
695.512,-1586.413,95.943,0,0
693.292,-1583.416,95.607,0,0
691.196,-1580.177,95.260,0,0
689.117,-1576.784,94.902,0,0
686.832,-1572.885,94.495,0,0
684.568,-1568.800,94.075,0,0
682.268,-1564.615,93.645,0,0
679.766,-1560.044,93.176,0,0
677.224,-1555.359,92.696,0,0
674.597,-1550.622,92.209,0,0
671.739,-1545.512,91.682,0,0
668.788,-1540.344,91.146,0,0
665.723,-1535.417,90.624,0,0
662.744,-1531.209,90.160,0,0
659.665,-1527.211,89.706,0,0
656.538,-1523.210,89.249,0,0
653.302,-1519.061,88.775,0,0
650.015,-1514.909,88.299,0,0
646.727,-1510.757,87.822,0,0
643.457,-1506.606,87.346,0,0
640.187,-1502.455,86.871,0,0
636.917,-1498.303,86.395,0,0
633.627,-1494.166,85.919,0,0
630.337,-1490.028,85.444,0,0
627.106,-1485.850,84.968,0,0
623.964,-1481.631,84.495,0,0
620.881,-1477.372,84.022,0,0
617.858,-1473.075,83.549,0,0
614.902,-1468.748,83.077,0,0
612.006,-1464.382,82.606,0,0
609.172,-1459.979,82.134,0,0
606.403,-1455.544,81.664,0,0
603.695,-1451.071,81.193,0,0
601.048,-1446.562,80.723,0,0
598.466,-1442.019,80.252,0,0
595.945,-1437.439,79.782,0,0
593.487,-1432.824,79.311,0,0
591.112,-1428.161,78.840,0,0
588.800,-1423.462,78.369,0,0
586.488,-1418.764,77.898,0,0
584.170,-1414.068,77.426,0,0
581.852,-1409.372,76.955,0,0
579.488,-1404.704,76.484,0,0
577.069,-1400.083,76.015,0,0
574.603,-1395.490,75.546,0,0
572.092,-1390.926,75.077,0,0
569.539,-1386.398,74.609,0,0
566.941,-1381.898,74.141,0,0
564.297,-1377.429,73.674,0,0
561.650,-1372.982,73.208,0,0
558.958,-1368.565,72.743,0,0
556.106,-1364.213,72.274,0,0
552.977,-1359.839,71.790,0,0
549.682,-1355.533,71.302,0,0
546.235,-1351.295,70.811,0,0
542.527,-1347.028,70.302,0,0
538.659,-1342.834,69.788,0,0
534.686,-1338.676,69.271,0,0
530.511,-1334.464,68.737,0,0
526.225,-1330.291,68.199,0,0
521.856,-1326.074,67.652,0,0
517.172,-1321.571,67.067,0,0
512.396,-1317.020,66.474,0,0
507.621,-1312.472,65.880,0,0
502.847,-1307.960,65.289,0,0
498.073,-1303.450,64.698,0,0
493.410,-1298.904,64.112,0,0
489.000,-1294.422,63.546,0,0
484.695,-1289.906,62.984,0,0
480.504,-1285.353,62.428,0,0
476.526,-1280.877,61.889,0,0
472.656,-1276.367,61.354,0,0
468.903,-1271.820,60.823,0,0
465.360,-1267.324,60.308,0,0
461.930,-1262.793,59.796,0,0
458.608,-1258.304,59.294,0,0
455.586,-1254.119,58.829,0,0
452.663,-1249.971,58.373,0,0
449.740,-1245.824,57.916,0,0
446.745,-1241.703,57.457,0,0
443.751,-1237.584,56.999,0,0
440.872,-1233.343,56.538,0,0
438.069,-1228.816,56.059,0,0
435.387,-1224.161,55.575,0,0
432.874,-1219.422,55.092,0,0
430.546,-1214.615,54.612,0,0
428.387,-1209.725,54.130,0,0
426.399,-1204.760,53.649,0,0
424.576,-1199.698,53.165,0,0
422.926,-1194.560,52.679,0,0
421.448,-1189.358,52.193,0,0
420.132,-1184.040,51.699,0,0
418.991,-1178.655,51.204,0,0
418.021,-1173.215,50.707,0,0
417.246,-1167.613,50.198,0,0
416.647,-1161.954,49.686,0,0
416.119,-1156.332,49.177,0,0
415.658,-1150.913,48.688,0,0
415.265,-1145.530,48.202,0,0
414.871,-1140.148,47.717,0,0
414.427,-1134.742,47.228,0,0
413.983,-1129.338,46.740,0,0
413.624,-1123.964,46.256,0,0
413.337,-1118.737,45.784,0,0
413.132,-1113.540,45.316,0,0
413.143,-1108.381,44.852,0,0
413.399,-1103.359,44.400,0,0
413.863,-1098.375,43.949,0,0
414.560,-1093.445,43.501,0,0
415.488,-1088.626,43.059,0,0
416.645,-1083.862,42.618,0,0
418.030,-1079.169,42.178,0,0
419.646,-1074.554,41.738,0,0
421.490,-1070.010,41.296,0,0
423.553,-1065.554,40.854,0,0
425.913,-1061.185,40.407,0,0
428.495,-1056.905,39.957,0,0
431.129,-1052.599,39.503,0,0
433.873,-1048.106,39.029,0,0
436.672,-1043.586,38.551,0,0
439.414,-1039.010,38.071,0,0
442.121,-1034.312,37.583,0,0
444.769,-1029.558,37.093,0,0
447.278,-1024.741,36.604,0,0
449.618,-1019.867,36.118,0,0
451.819,-1014.932,35.631,0,0
453.879,-1009.941,35.145,0,0
455.821,-1004.874,34.657,0,0
457.621,-999.751,34.168,0,0
459.219,-994.609,33.684,0,0
460.593,-989.549,33.212,0,0
461.771,-984.470,32.742,0,0
462.688,-979.383,32.277,0,0
463.351,-974.370,31.822,0,0
463.759,-969.350,31.369,0,0
463.798,-964.313,30.916,0,0
463.382,-959.141,30.449,0,0
462.581,-953.952,29.976,0,0
461.504,-948.760,29.499,0,0
460.141,-943.297,28.992,0,0
458.479,-937.831,28.478,0,0
456.490,-932.561,27.971,0,0
454.243,-927.631,27.483,0,0
451.685,-922.888,26.998,0,0
448.768,-918.481,26.523,0,0
445.554,-914.508,26.063,0,0
442.003,-910.851,25.604,0,0
438.193,-907.721,25.160,0,0
434.359,-905.267,24.751,0,0
430.297,-903.278,24.343,0,0
426.129,-901.923,23.949,0,0
422.016,-901.276,23.574,0,0
417.805,-901.215,23.195,0,0
413.621,-901.729,22.816,0,0
409.274,-903.020,22.408,0,0
404.956,-904.951,21.982,0,0
400.669,-907.140,21.549,0,0
396.162,-909.667,21.084,0,0
391.689,-912.482,20.608,0,0
387.262,-915.388,20.132,0,0
382.874,-918.374,19.654,0,0
378.533,-921.452,19.175,0,0
374.192,-924.520,18.697,0,0
369.849,-927.534,18.221,0,0
365.505,-930.539,17.745,0,0
361.161,-933.533,17.271,0,0
356.831,-936.508,16.798,0,0
352.501,-939.472,16.325,0,0
348.170,-942.427,15.854,0,0
343.853,-945.362,15.384,0,0
339.536,-948.287,14.914,0,0
335.219,-951.202,14.446,0,0
330.894,-954.134,13.975,0,0
326.569,-957.055,13.506,0,0
322.308,-959.858,13.047,0,0
318.411,-962.360,12.630,0,0
314.571,-964.758,12.222,0,0
310.760,-966.995,11.825,0,0
307.220,-968.954,11.461,0,0
303.706,-970.771,11.105,0,0
300.217,-972.340,10.760,0,0
297.054,-973.569,10.455,0,0
293.912,-974.590,10.157,0,0
290.758,-975.272,9.867,0,0
287.673,-975.588,9.588,0,0
284.577,-975.586,9.309,0,0
281.510,-975.209,9.031,0,0
278.387,-974.317,8.739,0,0
275.296,-973.017,8.437,1,0
272.157,-971.556,8.125,1,0
268.600,-969.825,7.769,1,0
264.984,-967.898,7.401,1,0
261.335,-965.832,7.023,1,0
257.401,-963.456,6.610,1,0
253.429,-960.921,6.186,1,0
249.404,-958.309,5.754,1,0
245.072,-955.482,5.288,1,0
240.682,-952.568,4.814,1,0
236.283,-949.608,4.337,1,0
231.810,-946.542,3.849,1,0
227.329,-943.427,3.358,1,0
222.847,-940.313,2.866,1,0
218.319,-937.208,2.372,1,0
213.791,-934.104,1.878,1,0
209.412,-931.018,1.396,1,0
205.474,-928.176,0.959,1,0
201.666,-925.349,0.532,1,0
198.088,-922.495,0.120,1,0
194.980,-919.927,-0.243,1,0
192.061,-917.336,-0.594,1,0
189.610,-914.556,-0.914,1,0
187.824,-911.761,-0.774,1,0
186.433,-908.805,-0.531,1,0
185.530,-905.754,-0.244,1,0
185.167,-902.597,0.042,1,0
185.292,-899.345,0.335,1,0
185.846,-896.090,0.632,1,0
187.023,-892.602,0.963,1,0
188.704,-889.110,1.312,0,0
190.560,-885.563,1.672,0,0
192.716,-881.574,2.080,0,0
195.084,-877.518,2.503,0,0
197.559,-873.401,2.935,0,0
200.342,-868.916,3.410,0,0
203.248,-864.362,3.897,0,0
206.107,-859.793,4.382,0,0
208.844,-855.261,4.858,0,0
211.533,-850.715,5.334,0,0
214.175,-846.154,5.808,0,0
216.752,-841.611,6.278,0,0
219.281,-837.054,6.747,0,0
221.762,-832.484,7.096,0,0
224.179,-827.929,7.096,0,0
226.548,-823.362,7.065,0,0
228.867,-818.782,7.003,0,0
231.124,-814.217,6.916,0,0
233.333,-809.639,6.822,0,0
235.492,-805.048,6.759,0,0
237.572,-800.468,6.758,0,0
239.604,-795.876,6.817,0,0
241.635,-791.284,6.914,0,0
243.683,-786.696,7.030,0,0
245.731,-782.107,7.162,0,0
247.779,-777.519,7.318,0,0
249.826,-772.931,7.512,0,0
251.874,-768.343,7.751,0,0
253.922,-763.755,8.018,0,0
255.999,-759.185,8.292,0,0
258.075,-754.615,8.557,0,0
260.066,-749.990,8.811,0,0
261.961,-745.238,9.048,0,0
263.769,-740.431,9.269,0,0
265.491,-735.572,9.485,0,0
267.151,-730.582,9.707,0,0
268.724,-725.541,9.938,0,0
270.198,-720.500,10.177,0,0
271.549,-715.599,10.428,0,0
272.806,-710.700,10.695,0,0
273.973,-705.672,10.989,0,0
275.095,-700.096,11.316,0,0
276.115,-694.375,11.685,0,0
277.107,-688.606,12.106,0,0
278.058,-682.666,12.564,0,0
278.979,-676.676,13.021,0,0
280.050,-670.713,13.447,0,0
281.333,-664.793,13.834,0,0
282.767,-658.901,14.188,0,0
284.349,-653.039,14.514,0,0
286.086,-647.205,14.810,0,0
287.971,-641.403,15.078,0,0
290.005,-635.587,15.318,0,0
292.270,-629.499,15.525,0,0
294.692,-623.395,15.688,0,0
297.234,-617.457,15.797,0,0
299.777,-612.039,15.850,0,0
302.429,-606.771,15.855,0,0
305.121,-601.565,15.819,0,0
307.819,-596.504,15.754,0,0
310.556,-591.502,15.678,0,0
313.219,-586.499,15.612,0,0
315.726,-581.562,15.560,0,0
318.161,-576.625,15.509,0,0
320.520,-571.688,15.441,0,0
322.764,-566.835,15.332,0,0
324.933,-561.983,15.164,0,0
327.025,-557.131,14.944,0,0
328.985,-552.367,14.703,0,0
330.870,-547.605,14.464,0,0
332.733,-542.828,14.236,0,0
334.556,-538.001,14.019,0,0
336.358,-533.161,13.809,0,0
338.265,-528.347,13.597,0,0
340.326,-523.517,13.374,0,0
342.494,-518.714,13.133,0,0
344.809,-513.985,12.871,0,0
347.289,-509.337,12.587,0,0
349.915,-504.762,12.284,0,0
352.684,-500.267,11.972,0,0
355.611,-495.828,11.662,0,0
358.682,-491.469,11.353,0,0
361.889,-487.193,11.041,0,0
365.264,-482.964,10.723,0,0
368.779,-478.820,10.401,0,0
372.424,-474.764,10.092,0,0
376.283,-470.765,9.829,0,0
380.275,-466.855,9.637,0,0
384.289,-462.980,9.510,0,0
388.277,-459.145,9.423,0,0
392.286,-455.344,9.358,0,0
396.295,-451.544,9.311,0,0
400.298,-447.731,9.283,0,0
404.300,-443.919,9.276,0,0
408.300,-440.108,9.309,0,0
412.330,-436.284,9.418,0,0
416.358,-432.461,9.636,0,0
420.306,-428.673,9.959,0,0
424.012,-425.092,10.355,0,0
427.645,-421.542,10.794,0,0
431.155,-417.990,11.243,0,0
434.388,-414.619,11.664,0,0
437.509,-411.245,12.077,0,0
440.484,-407.771,12.489,0,0
443.287,-404.187,12.899,0,0
445.946,-400.504,13.307,0,0
448.454,-396.728,13.715,0,0
450.809,-392.863,14.123,0,0
453.014,-388.904,14.531,0,0
455.065,-384.861,14.939,0,0
456.935,-380.721,15.347,0,0
458.650,-376.495,15.758,0,0
460.317,-372.171,16.175,0,0
462.037,-367.512,16.622,0,0
463.704,-362.745,17.076,0,0
465.367,-357.903,17.537,0,0
467.132,-352.727,18.029,0,0
468.891,-347.472,18.528,0,0
470.578,-342.347,19.014,0,0
472.055,-337.790,19.445,0,0
473.469,-333.345,19.865,0,0
474.800,-329.056,20.269,0,0
475.924,-325.362,20.616,0,0
476.981,-321.792,20.951,0,0
477.933,-318.385,21.270,0,0
478.678,-315.569,21.532,0,0
479.345,-312.874,21.782,0,0
479.873,-310.352,22.014,0,0
480.223,-308.420,22.190,0,0
480.481,-306.602,22.356,0,0
480.522,-305.001,22.500,0,0
480.376,-304.044,22.587,0,0
480.120,-303.197,22.667,0,0
479.796,-302.396,22.744,0,0
479.434,-301.661,22.818,0,0
479.012,-300.968,22.891,0,0
478.537,-300.310,22.964,0,0
478.001,-299.673,23.039,0,0
477.412,-299.073,23.115,0,0
476.779,-298.520,23.190,0,0
476.092,-298.011,23.267,0,0
475.360,-297.550,23.345,0,0
474.595,-297.149,23.423,0,0
473.796,-296.800,23.501,0,0
472.963,-296.511,23.581,0,0
472.085,-296.298,23.662,0,0
471.043,-296.156,23.757,0,0
469.944,-296.108,23.856,0,0
468.817,-296.163,23.957,0,0
467.548,-296.332,24.072,0,0
466.244,-296.627,24.193,0,0
464.880,-297.087,24.322,0,0
462.996,-297.994,24.511,0,0
461.012,-299.182,24.719,0,0
458.960,-300.512,24.939,0,0
456.396,-302.297,25.220,0,0
453.737,-304.287,25.519,0,0
451.088,-306.296,25.818,0,0
448.471,-308.275,26.113,0,0
445.864,-310.273,26.409,0,0
443.296,-312.269,26.702,0,0
440.848,-314.216,26.983,0,0
438.436,-316.161,27.262,0,0
436.051,-318.056,27.536,0,0
433.784,-319.856,27.797,0,0
431.540,-321.611,28.053,0,0
429.387,-323.145,28.096,0,0
427.713,-324.239,27.917,0,0
426.098,-325.187,27.748,0,0
424.589,-325.802,27.601,0,0
423.588,-325.965,27.510,0,0
422.643,-325.952,27.425,0,0
421.715,-325.856,27.341,0,0
420.811,-325.709,27.259,0,0
419.925,-325.483,27.176,0,0
419.069,-325.177,27.258,0,0
418.233,-324.796,27.341,0,0
417.428,-324.334,27.424,0,0
416.689,-323.772,27.508,0,0
415.978,-323.066,27.598,0,0
415.341,-322.246,27.691,0,0
414.803,-321.274,27.791,0,0
414.281,-319.668,27.943,0,0
413.937,-317.789,28.115,0,0
413.670,-315.776,28.298,0,0
413.435,-313.176,28.533,0,0
413.315,-310.378,28.785,0,0
413.233,-307.449,29.049,0,0
413.162,-303.939,29.365,0,0
413.140,-300.257,29.696,0,0
413.154,-296.448,30.039,0,0
413.214,-292.040,30.436,0,0
413.319,-287.475,30.847,0,0
413.445,-282.882,31.260,0,0
413.595,-278.165,31.685,0,0
413.768,-273.419,32.112,0,0
413.942,-268.798,32.529,0,0
414.081,-264.693,32.898,0,0
414.221,-260.695,33.258,0,0
414.415,-256.790,33.610,0,0
414.623,-253.245,33.930,0,0
414.879,-249.782,34.242,0,0
415.301,-246.337,34.555,0,0
415.936,-242.859,34.873,0,0
416.740,-239.400,35.192,0,0
417.704,-235.967,35.513,0,0
418.862,-232.539,35.839,0,0
420.187,-229.140,36.167,0,0
421.624,-225.681,36.504,0,0
423.300,-221.839,36.882,0,0
425.108,-217.928,37.269,0,0
427.019,-213.926,37.669,0,0
429.226,-209.439,38.119,0,0
431.555,-204.844,38.582,0,0
433.956,-200.179,39.054,0,0
436.583,-195.159,39.564,0,0
439.290,-190.059,40.084,0,0
441.998,-184.960,40.604,0,0
444.662,-179.880,41.120,0,0
447.327,-174.799,41.636,0,0
450.039,-169.741,42.153,0,0
452.820,-164.705,42.671,0,0
455.650,-159.691,43.189,0,0
458.527,-154.699,43.707,0,0
461.457,-149.723,44.227,0,0
464.435,-144.768,44.747,0,0
467.461,-139.836,45.268,0,0
470.540,-134.918,45.790,0,0
473.667,-130.023,46.313,0,0
476.841,-125.151,46.836,0,0
480.101,-120.269,47.365,0,0
483.408,-115.411,47.894,0,0
486.667,-110.643,48.413,0,0
489.717,-106.254,48.894,0,0
492.722,-101.947,49.367,0,0
495.583,-97.632,49.833,0,0
498.177,-93.478,50.274,0,0
500.636,-89.318,50.709,0,0
502.918,-85.082,51.142,0,0
504.993,-80.777,51.572,0,0
506.892,-76.398,52.001,0,0
508.609,-71.955,52.430,0,0
510.148,-67.443,52.859,0,0
511.504,-62.866,53.289,0,0
512.658,-58.248,53.717,0,0
513.554,-53.618,54.142,0,0
514.247,-48.946,54.567,0,0
514.879,-44.182,54.999,0,0
515.518,-39.017,55.468,0,0
516.090,-33.750,55.944,0,0
516.630,-28.436,56.425,0,0
517.160,-22.942,56.922,0,0
517.658,-17.400,57.423,0,0
518.136,-11.869,57.922,0,0
518.596,-6.408,58.416,0,0
519.036,-0.959,58.908,0,0
519.457,4.480,59.399,0,0
519.849,9.864,59.884,0,0
520.222,15.238,60.369,0,0
520.595,20.612,60.854,0,0
520.974,25.988,61.339,0,0
521.353,31.365,61.824,0,0
521.732,36.743,62.309,0,0
522.111,42.119,62.794,0,0
522.490,47.496,63.280,0,0
522.870,52.875,63.765,0,0
523.249,58.251,64.250,0,0
523.628,63.628,64.735,0,0
524.007,69.006,65.220,0,0
524.411,74.380,65.705,0,0
524.814,79.754,66.190,0,0
525.145,85.138,66.676,0,0
525.378,90.552,67.164,0,0
525.539,95.976,67.652,0,0
525.626,101.408,68.141,0,0
525.662,106.873,68.633,0,0
525.625,112.346,69.125,0,0
525.452,117.817,69.618,0,0
525.120,123.301,70.112,0,0
524.650,128.783,70.608,0,0
524.046,134.258,71.103,0,0
523.302,139.757,71.603,0,0
522.421,145.249,72.103,0,0
521.408,150.731,72.605,0,0
520.279,156.289,73.116,0,0
519.015,161.836,73.628,0,0
517.538,167.235,74.131,0,0
515.935,172.301,74.610,0,0
514.136,177.231,75.082,0,0
512.022,181.817,75.536,0,0
509.726,185.709,75.943,0,0
507.164,189.312,76.341,0,0
504.456,192.472,76.715,0,0
502.028,194.976,77.029,0,0
499.490,197.148,77.330,0,0
496.848,198.474,77.596,0,0
494.307,198.753,77.826,0,0
491.681,198.344,78.065,0,0
489.179,197.353,78.308,0,0
486.431,195.274,78.618,0,0
483.862,192.358,78.967,0,0
481.446,189.111,79.332,0,0
478.916,185.087,79.759,0,0
476.585,180.630,80.212,0,0
474.300,176.047,80.673,0,0
471.961,171.138,81.162,0,0
469.673,166.090,81.661,0,0
467.226,161.079,82.163,0,0
464.506,155.988,82.683,0,0
461.619,150.936,83.206,0,0
458.511,146.116,83.722,0,0
455.273,141.723,84.214,0,0
451.828,137.547,84.701,0,0
448.174,133.627,85.183,0,0
444.369,130.052,85.653,0,0
440.364,126.723,86.122,0,0
436.216,123.611,86.588,0,0
431.940,120.755,87.051,0,0
427.523,118.113,87.514,0,0
423.059,115.584,87.976,0,0
418.626,113.178,88.430,0,0
414.148,110.882,88.883,0,0
409.619,108.631,89.338,0,0
404.969,106.372,89.803,0,0
400.266,104.160,90.271,0,0
395.514,101.994,90.741,0,0
390.641,99.841,91.221,0,0
385.717,97.734,91.703,0,0
380.745,95.673,92.187,0,0
375.628,93.602,92.684,0,0
370.462,91.578,93.183,0,0
365.312,89.668,93.678,0,0
360.331,87.896,94.153,0,0
355.366,86.231,94.625,0,0
350.459,84.817,95.084,0,0
345.897,83.706,95.507,0,0
341.386,82.815,95.921,0,0
337.047,82.324,96.314,0,0
333.331,82.198,96.648,0,0
329.748,82.383,96.971,0,0
326.505,83.118,97.271,0,0
323.908,84.327,97.528,0,0
321.583,85.973,97.785,0,0
319.678,88.004,98.035,0,0
318.270,90.635,98.304,0,0
317.337,93.700,98.592,0,0
316.564,96.983,98.896,0,0
315.801,101.117,99.274,0,0
315.261,105.556,99.677,0,0
314.755,110.101,100.088,0,0
314.214,115.042,100.536,0,0
313.712,120.105,100.994,0,0
313.156,125.207,101.455,0,0
312.527,130.467,101.932,0,0
311.841,135.768,102.413,0,0
311.002,141.053,102.895,0,0
309.998,146.357,103.381,0,0
308.839,151.646,103.868,0,0
307.451,156.834,104.351,0,0
305.857,161.868,104.827,0,0
304.040,166.806,105.300,0,0
301.941,171.479,105.761,0,0
299.703,175.587,106.182,0,0
297.217,179.461,106.597,0,0
294.445,183.075,107.006,0,0
291.396,186.393,107.412,0,0
288.068,189.456,107.819,0,0
284.498,192.236,108.226,0,0
280.598,194.770,108.645,0,0
276.447,197.010,109.069,0,0
272.102,198.964,109.498,0,0
267.335,200.657,109.953,0,0
262.355,202.039,110.419,0,0
257.255,203.258,110.891,0,0
251.778,204.369,111.393,0,0
246.169,205.301,111.905,0,0
240.517,206.191,112.420,0,0
234.730,207.078,112.947,0,0
228.899,207.922,113.477,0,0
223.082,208.792,114.007,0,0
217.326,209.705,114.531,0,0
211.584,210.643,115.055,0,0
205.855,211.607,115.578,0,0
200.168,212.591,116.097,0,0
194.495,213.601,116.616,0,0
188.836,214.636,117.133,0,0
183.219,215.692,117.648,0,0
177.615,216.774,118.161,0,0
172.026,217.881,118.674,0,0
166.477,219.008,119.184,0,0
160.943,220.161,119.693,0,0
155.423,221.339,120.024,0,0
149.930,222.498,119.926,0,0
144.451,223.682,119.822,0,0
139.029,225.013,119.731,0,0
133.724,226.516,119.662,0,0
128.475,228.163,119.618,0,0
123.290,229.955,119.598,0,0
118.196,231.882,119.600,0,0
113.166,233.953,119.622,0,0
108.205,236.166,119.668,0,0
103.323,238.518,119.745,0,0
98.511,241.012,119.858,0,0
93.775,243.645,120.007,0,0
89.105,246.424,120.191,0,0
84.512,249.341,120.413,0,0
79.999,252.393,120.671,0,0
75.567,255.642,120.959,0,0
71.218,259.027,121.264,0,0
66.878,262.410,121.579,0,0
62.547,265.729,121.904,0,0
58.226,269.047,122.239,0,0
53.916,272.363,122.583,0,0
49.637,275.661,122.933,0,0
45.369,278.958,123.296,0,0
41.111,282.253,123.680,0,0
36.891,285.539,124.077,0,0
32.681,288.824,124.463,0,0
28.465,292.079,124.828,0,0
24.265,295.274,125.188,0,0
20.057,298.439,125.566,0,0
15.844,301.574,125.968,0,0
11.655,304.657,126.385,0,0
7.460,307.711,126.809,0,0
3.249,310.736,127.241,0,0
-0.977,313.730,127.689,0,0
-5.220,316.694,128.154,0,0
-9.479,319.631,128.620,0,0
-13.739,322.533,129.084,0,0
-18.016,325.407,129.548,0,0
-22.340,328.256,130.014,0,0
-26.797,331.115,130.490,0,0
-31.304,333.948,130.969,0,0
-35.842,336.785,131.426,0,0
-40.479,339.681,131.906,0,0
-45.149,342.581,132.401,0,0
-49.850,345.485,132.898,0,0
-54.664,348.449,133.407,0,0
-59.510,351.418,133.918,0,0
-64.367,354.356,134.429,0,0
-69.191,357.268,134.844,0,0
-74.026,360.149,135.115,0,0
-78.924,362.918,135.298,0,0
-83.908,365.547,135.428,0,0
-88.954,368.063,135.537,0,0
-94.029,370.456,135.636,0,0
-99.051,372.692,135.726,0,0
-104.101,374.808,135.806,0,0
-109.176,376.798,135.876,0,0
-114.246,378.623,135.936,0,0
-119.340,380.325,135.987,0,0
-124.364,381.945,136.032,0,0
-129.041,383.373,136.063,0,0
-133.654,384.727,136.051,0,0
-138.190,386.146,135.953,0,0
-142.534,387.575,135.757,0,0
-146.807,389.064,135.508,0,0
-150.903,390.757,135.276,0,0
-154.626,392.574,135.111,0,0
-158.189,394.576,135.040,0,0
-161.541,396.847,135.081,0,0
-164.656,399.413,135.245,0,0
-167.561,402.246,135.528,0,0
-170.233,405.308,135.894,0,0
-172.678,408.708,136.271,0,0
-174.878,412.350,136.654,0,0
-176.981,416.140,137.044,0,0
-179.161,420.334,137.469,0,0
-181.231,424.694,137.904,0,0
-183.186,429.093,138.337,0,0
-185.006,433.483,138.764,0,0
-186.712,437.911,139.192,0,0
-188.328,442.320,139.614,0,0
-189.825,446.592,140.022,0,0
-191.236,450.845,140.425,0,0
-192.543,454.984,140.815,0,0
-193.713,458.568,141.155,0,0
-194.795,462.056,141.483,0,0
-195.555,465.597,141.809,0,0
-195.882,469.313,142.145,0,0
-195.882,473.082,142.484,0,0
-195.650,476.771,142.817,0,0
-195.210,480.147,143.123,0,0
-194.559,483.450,143.426,0,0
-193.799,486.741,143.730,0,0
-192.934,490.048,144.038,0,0
-191.958,493.343,144.347,0,0
-190.928,496.706,144.664,0,0
-189.776,500.407,145.013,0,0
-188.564,504.187,145.370,0,0
-187.323,508.070,145.737,0,0
-185.908,512.448,146.151,0,0
-184.460,516.947,146.576,0,0
-183.126,521.426,146.997,0,0
-182.009,525.681,147.393,0,0
-181.000,529.916,147.785,0,0
-180.052,534.165,148.177,0,0
-179.148,538.452,148.571,0,0
-178.305,542.752,148.965,0,0
-177.533,547.011,149.355,0,0
-176.822,551.080,149.727,0,0
-176.177,555.111,150.094,0,0
-175.702,559.065,150.452,0,0
-175.413,562.701,150.781,0,0
-175.271,566.269,151.102,0,0
-175.367,569.698,151.411,0,0
-175.566,572.701,151.682,0,0
-175.958,575.591,151.944,0,0
-176.892,578.232,152.196,0,0
-178.703,580.634,152.467,0,0
-181.101,582.766,152.756,0,0
-183.653,584.722,153.045,0,0
-186.290,586.509,153.332,0,0
-189.087,588.116,153.622,0,0
-191.951,589.696,153.916,0,0
-194.992,591.320,154.227,0,0
-198.106,592.915,154.542,0,0
-201.246,594.625,154.863,0,0
-204.639,596.620,155.218,0,0
-208.062,598.746,155.580,0,0
-211.470,601.046,155.950,0,0
-215.177,603.692,156.360,0,0
-218.868,606.537,156.780,0,0
-222.258,609.637,157.193,0,0
-225.148,612.992,157.592,0,0
-227.747,616.593,157.991,0,0
-230.234,620.344,158.396,0,0
-232.801,624.412,158.829,0,0
-235.247,628.642,159.269,0,0
-237.502,632.972,159.708,0,0
-239.620,637.429,160.153,0,0
-241.546,641.986,160.598,0,0
-243.086,646.573,161.033,0,0
-244.151,650.989,161.442,0,0
-244.862,655.432,161.847,0,0
-245.180,659.861,162.247,0,0
-245.094,664.215,162.639,0,0
-244.626,668.555,163.032,0,0
-243.784,672.836,163.424,0,0
-242.463,677.120,163.828,0,0
-240.753,681.343,164.238,0,0
-238.899,685.497,164.647,0,0
-236.938,689.562,165.053,0,0
-234.834,693.559,165.460,0,0
-232.754,697.497,165.861,0,0
-230.789,701.222,166.240,0,0
-228.846,704.892,166.613,0,0
-227.079,708.487,166.974,0,0
-225.650,711.660,167.287,0,0
-224.364,714.771,167.590,0,0
-223.320,717.801,167.879,0,0
-222.598,720.401,168.121,0,0
-222.063,722.939,168.355,0,0
-221.828,725.354,168.573,0,0
-221.883,727.299,168.748,0,0
-222.159,729.153,168.917,0,0
-222.710,730.951,169.086,0,0
-223.683,732.829,169.277,0,0
-224.977,734.641,169.477,0,0
-226.439,736.430,169.685,0,0
-228.289,738.415,169.929,0,0
-230.352,740.371,170.185,0,0
-232.461,742.368,170.446,0,0
-234.718,744.563,170.730,0,0
-237.026,746.805,171.019,0,0
-239.340,749.112,171.313,0,0
-241.768,751.537,171.622,0,0
-244.202,754.034,171.936,0,0
-246.605,756.806,172.266,0,0
-249.434,760.598,172.692,0,0
-252.219,764.777,173.144,0,0
-254.843,769.120,173.601,0,0
-257.343,773.784,174.077,0,0
-259.669,778.626,174.560,0,0
-261.863,783.492,175.041,0,0
-263.855,788.274,175.507,0,0
-265.721,793.080,175.971,0,0
-267.611,797.814,176.430,0,0
-269.485,802.317,176.869,0,0
-271.383,806.754,177.303,0,0
-273.386,811.070,177.731,0,0
-275.302,815.222,178.143,0,0
-277.317,819.262,178.549,0,0
-279.837,822.792,178.940,0,0
-283.046,825.568,179.321,0,0
-286.739,827.856,179.712,0,0
-290.557,829.814,180.099,0,0
-294.289,831.370,180.462,0,0
-298.139,832.612,180.827,0,0
-302.084,833.799,181.197,0,0
-306.361,835.042,181.598,0,0
-310.744,836.224,182.007,0,0
-315.197,837.482,182.423,0,0
-319.998,838.933,182.875,0,0
-324.878,840.469,183.335,0,0
-329.791,842.127,183.802,0,0
-335.036,843.980,184.302,0,0
-340.318,845.966,184.810,0,0
-345.335,848.146,185.303,0,0
-349.546,850.367,185.731,0,0
-353.532,852.752,186.149,0,0
-357.546,855.227,186.573,0,0
-361.867,857.902,187.031,0,0
-366.218,860.674,187.495,0,0
-370.564,863.488,187.961,0,0
-374.940,866.370,188.433,0,0
-379.312,869.296,188.906,0,0
-383.683,872.221,189.380,0,0
-388.056,875.133,189.852,0,0
-392.429,878.044,190.325,0,0
-396.802,880.955,190.798,0,0
-401.144,883.878,191.269,0,0
-405.486,886.801,191.740,0,0
-409.921,889.689,192.216,0,0
-414.618,892.677,192.717,0,0
-419.415,895.627,193.224,0,0
-424.383,898.395,193.736,0,0
-429.740,901.021,194.273,0,0
-435.282,903.451,194.818,0,0
-441.006,905.681,195.371,0,0
-447.275,907.800,195.966,0,0
-453.747,909.697,196.573,0,0
-460.266,911.410,197.180,0,0
-466.789,912.951,197.783,0,0
-473.360,914.306,198.387,0,0
-479.971,915.477,198.991,0,0
-486.676,916.463,199.601,0,0
-493.422,917.263,200.212,0,0
-500.122,917.881,200.818,0,0
-506.602,918.261,201.402,0,0
-513.039,918.469,201.982,0,0
-519.376,918.651,202.552,0,0
-525.327,918.845,203.088,0,0
-531.186,919.017,203.616,0,0
-536.914,919.179,204.132,0,0
-542.059,919.318,204.595,0,0
-547.090,919.448,205.048,0,0
-552.260,919.602,205.513,0,0
-558.239,919.802,206.052,0,0
-564.385,920.029,206.605,0,0
-570.415,920.299,207.148,0,0
-575.951,920.600,207.647,0,0
-581.385,920.940,208.137,0,0
-586.658,921.319,208.613,0,0
-591.343,921.634,209.036,0,0
-595.893,921.982,209.447,0,0
-600.310,922.568,209.848,0,0
-604.388,923.329,210.221,0,0
-608.346,924.302,210.588,0,0
-612.113,925.716,210.950,0,0
-615.792,927.670,211.325,0,0
-619.275,930.072,211.706,0,0
-622.267,932.903,212.076,0,0
-624.490,936.227,212.436,0,0
-626.228,939.974,212.808,0,0
-627.963,943.854,213.190,0,0
-630.002,948.136,213.617,0,0
-632.037,952.576,214.057,0,0
-634.132,957.140,214.509,0,0
-636.515,962.269,215.018,0,0
-638.970,967.544,215.541,0,0
-641.452,972.854,216.069,0,0
-643.993,978.325,216.612,0,0
-646.563,983.832,217.159,0,0
-649.190,989.233,217.699,0,0
-651.788,994.305,218.212,0,0
-654.438,999.277,218.719,0,0
-657.147,1004.138,219.220,0,0
-659.834,1008.686,219.696,0,0
-662.575,1013.130,220.166,0,0
-665.320,1017.569,220.635,0,0
-668.044,1022.021,221.105,0,0
-670.772,1026.467,221.574,0,0
-673.502,1030.907,222.044,0,0
-676.230,1035.326,222.511,0,0
-678.961,1039.739,222.978,0,0
-681.692,1044.153,223.445,0,0
-684.422,1048.567,223.912,0,0
-687.152,1052.983,224.379,0,0
-689.883,1057.398,224.847,0,0
-692.613,1061.842,225.316,0,0
-695.343,1066.286,225.786,0,0
-698.073,1070.644,226.248,0,0
-700.676,1074.730,226.684,0,0
-703.279,1078.737,227.114,0,0
-705.905,1082.598,227.535,0,0
-708.377,1086.089,227.920,0,0
-710.871,1089.451,228.296,0,0
-713.430,1092.594,228.661,0,0
-715.835,1095.292,228.986,0,0
-718.295,1097.805,229.303,0,0
-720.848,1100.007,229.606,0,0
-723.238,1101.757,229.873,0,0
-725.706,1103.249,230.132,0,0
-728.307,1104.303,230.385,0,0
-731.132,1104.800,230.643,0,0
-734.095,1104.842,230.910,0,0
-737.130,1104.626,231.184,0,0
-740.547,1104.088,231.495,0,0
-744.053,1103.232,231.820,0,0
-747.675,1102.266,232.157,0,0
-751.906,1101.099,232.552,0,0
-756.284,1099.793,232.963,0,0
-760.781,1098.437,233.386,0,0
-765.815,1096.926,233.859,0,0
-770.989,1095.357,234.346,0,0
-776.248,1093.761,234.840,0,0
-781.861,1092.049,235.369,0,0
-787.567,1090.308,235.906,0,0
-793.296,1088.611,236.443,0,0
-799.042,1086.978,236.981,0,0
-804.810,1085.388,237.519,0,0
-810.602,1083.843,238.059,0,0
-816.440,1082.348,238.601,0,0
-822.301,1080.897,239.145,0,0
-828.165,1079.457,239.688,0,0
-834.051,1077.991,240.234,0,0
-839.939,1076.535,240.780,0,0
-845.712,1075.182,241.313,0,0
-850.950,1074.003,241.797,0,0
-856.087,1072.913,242.269,0,0
-861.146,1072.021,242.732,0,0
-865.848,1071.366,243.159,0,0
-870.481,1070.887,243.578,0,0
-875.017,1070.670,243.987,0,0
-879.163,1070.676,244.360,0,0
-883.224,1070.912,244.726,0,0
-887.208,1071.553,245.089,0,0
-891.183,1072.689,245.461,0,0
-895.080,1074.237,245.839,0,0
-898.817,1076.140,246.216,0,0
-902.420,1078.536,246.606,0,0
-905.856,1081.305,247.003,0,0
-909.229,1084.155,247.400,0,0
-912.565,1087.021,247.796,0,0
-915.839,1089.968,248.192,0,0
-919.092,1092.904,248.587,0,0
-922.272,1095.794,248.974,0,0
-925.432,1098.674,249.358,0,0
-928.622,1101.431,249.738,0,0
-931.749,1104.015,250.103,0,0
-934.905,1106.485,250.464,0,0
-938.052,1108.600,250.805,0,0
-940.756,1110.188,251.087,0,0
-943.454,1111.510,251.358,0,0
-946.152,1112.229,251.609,0,0
-948.668,1112.144,251.835,0,0
-951.185,1111.539,252.068,0,0
-953.669,1110.738,252.303,0,0
-956.193,1109.771,252.547,0,0
-958.683,1108.593,252.794,0,0
-961.154,1107.331,253.044,0,0
-963.661,1105.952,253.302,0,0
-966.149,1104.485,253.562,0,0
-968.638,1103.057,253.820,0,0
-971.082,1101.684,254.072,0,0
-973.527,1100.350,254.323,0,0
-976.006,1099.205,254.569,0,0
-978.450,1098.238,254.805,0,0
-980.925,1097.446,255.039,0,0
-983.357,1097.112,255.260,0,0
-985.585,1097.323,255.461,0,0
-987.773,1097.946,255.666,0,0
-989.960,1098.938,255.882,0,0
-992.751,1100.795,256.184,0,0
-995.538,1103.239,256.518,0,0
-998.260,1105.973,256.865,0,0
-1001.277,1109.411,257.276,0,0
-1004.207,1113.231,257.710,0,0
-1007.048,1117.272,258.154,0,0
-1010.022,1121.887,258.648,0,0
-1012.891,1126.763,259.158,0,0
-1015.692,1131.807,259.677,0,0
-1018.606,1137.352,260.241,0,0
-1021.443,1143.088,260.817,0,0
-1024.225,1148.954,261.401,0,0
-1027.117,1155.283,262.027,0,0
-1029.949,1161.754,262.663,0,0
-1032.631,1168.134,263.286,0,0
-1034.908,1173.963,263.849,0,0
-1037.052,1179.710,264.401,0,0
-1039.324,1185.466,264.958,0,0
-1041.888,1191.472,265.546,0,0
-1044.588,1197.487,266.139,0,0
-1047.424,1203.411,266.730,0,0
-1050.370,1209.163,267.312,0,0
-1053.451,1214.826,267.892,0,0
-1056.665,1220.391,268.470,0,0
-1059.995,1225.828,269.044,0,0
-1063.457,1231.168,269.617,0,0
-1067.049,1236.406,270.189,0,0
-1070.771,1241.499,270.756,0,0
-1074.623,1246.489,271.324,0,0
-1078.575,1251.457,271.895,0,0
-1082.753,1256.530,272.486,0,0
-1087.036,1261.579,273.082,0,0
-1091.282,1266.618,273.675,0,0
-1095.417,1271.518,274.252,0,0
-1099.516,1276.409,274.827,0,0
-1103.490,1281.491,275.407,0,0
-1107.463,1287.058,276.023,0,0
-1111.300,1292.831,276.647,0,0
-1114.949,1298.723,277.271,0,0
-1118.397,1304.718,277.893,0,0
-1121.655,1310.833,278.517,0,0
-1124.720,1317.057,279.141,0,0
-1127.632,1323.410,279.770,0,0
-1130.349,1329.874,280.401,0,0
-1132.804,1336.494,281.036,0,0
-1135.049,1343.507,281.699,0,0
-1137.019,1350.684,282.369,0,0
-1138.641,1357.867,283.032,0,0
-1139.827,1364.828,283.667,0,0
-1140.683,1371.795,284.299,0,0
-1141.314,1378.706,284.924,0,0
-1141.712,1385.299,285.518,0,0
-1141.900,1391.839,286.107,0,0
-1141.968,1398.387,286.696,0,0
-1141.929,1405.022,287.293,0,0
-1141.771,1411.664,287.891,0,0
-1141.544,1418.169,288.477,0,0
-1141.252,1424.146,289.016,0,0
-1140.899,1430.001,289.544,0,0
-1140.579,1435.646,290.052,0,0
-1140.306,1440.508,290.491,0,0
-1140.059,1445.200,290.914,0,0
-1139.964,1449.694,291.318,0,0
-1140.003,1453.514,291.662,0,0
-1140.161,1457.181,291.992,0,0
-1140.551,1460.604,292.302,0,0
-1141.056,1463.369,292.555,0,0
-1141.728,1465.959,292.796,0,0
-1142.691,1468.129,293.010,0,0
-1143.705,1469.478,293.162,0,0
-1144.897,1470.568,293.307,0,0
-1146.201,1471.379,293.445,0,0
-1147.567,1471.897,293.577,0,0
-1149.035,1472.157,293.711,0,0
-1150.508,1472.136,293.844,0,0
-1152.093,1471.774,293.990,0,0
-1153.683,1471.083,294.146,0,0
-1155.215,1470.110,294.309,0,0
-1156.996,1468.470,294.527,0,0
-1158.689,1466.399,294.768,0,0
-1160.304,1464.099,295.021,0,0
-1162.095,1461.116,295.334,0,0
-1163.778,1457.814,295.668,0,0
-1165.427,1454.348,296.013,0,0
-1167.205,1450.341,296.408,0,0
-1168.939,1446.130,296.817,0,0
-1170.766,1441.746,297.245,0,0
-1172.973,1436.506,297.757,0,0
-1175.299,1431.041,298.291,0,0
-1177.851,1425.516,298.839,0,0
-1180.945,1419.451,299.452,0,0
-1184.302,1413.316,300.081,0,0
-1187.797,1407.348,300.703,0,0
-1191.267,1401.785,301.294,0,0
-1194.867,1396.380,301.878,0,0
-1198.624,1391.185,302.455,0,0
-1202.405,1386.352,303.007,0,0
-1206.332,1381.716,303.554,0,0
-1210.433,1377.359,304.093,0,0
-1214.582,1373.373,304.610,0,0
-1218.893,1369.647,305.123,0,0
-1223.306,1366.405,305.616,0,0
-1227.421,1363.932,306.048,0,0
-1231.620,1361.859,306.470,0,0
-1235.797,1360.238,306.873,0,0
-1239.485,1359.221,307.217,0,0
-1243.154,1358.569,307.552,0,0
-1246.840,1358.168,307.886,0,0
-1250.562,1357.976,308.222,0,0
-1254.301,1358.034,308.558,0,0
-1258.017,1358.346,308.894,0,0
-1261.738,1358.927,309.233,0,0
-1265.437,1359.767,309.574,0,0
-1269.077,1360.839,309.916,0,0
-1272.712,1362.170,310.264,0,0
-1276.286,1363.741,310.615,0,0
-1279.771,1365.515,310.967,0,0
-1283.203,1367.468,311.323,0,0
-1286.543,1369.631,311.681,0,0
-1289.801,1372.127,312.050,0,0
-1293.373,1375.429,312.488,0,0
-1296.842,1379.150,312.946,0,0
-1300.162,1383.103,313.411,0,0
-1303.471,1387.479,313.904,0,0
-1306.615,1392.113,314.408,0,0
-1309.634,1396.929,314.920,0,0
-1312.690,1402.167,315.466,0,0
-1315.609,1407.605,316.021,0,0
-1318.366,1413.204,316.583,0,0
-1321.032,1419.179,317.172,0,0
-1323.525,1425.327,317.769,0,0
-1325.889,1431.603,318.372,0,0
-1328.248,1438.309,319.012,0,0
-1330.470,1445.153,319.660,0,0
-1332.454,1451.858,320.289,0,0
-1334.003,1457.781,320.840,0,0
-1335.352,1463.587,321.376,0,0
-1336.609,1469.378,321.910,0,0
-1337.792,1475.096,322.435,0,0
-1338.886,1480.801,322.958,0,0
-1339.886,1486.490,323.478,0,0
-1340.754,1492.077,323.987,0,0
-1341.531,1497.649,324.493,0,0
-1342.285,1503.195,324.997,0,0
-1343.064,1508.603,325.489,0,0
-1343.820,1513.987,325.978,0,0
-1344.441,1519.416,326.470,0,0
-1344.913,1524.982,326.972,0,0
-1345.245,1530.595,327.479,0,0
-1345.394,1536.341,327.996,0,0
-1345.349,1542.701,328.568,0,0
-1345.094,1549.213,329.155,0,0
-1344.583,1555.780,329.748,0,0
-1343.723,1562.654,330.371,0,0
-1342.590,1569.587,331.003,0,0
-1341.314,1576.449,331.632,0,0
-1339.955,1583.069,332.240,0,0
-1338.460,1589.620,332.844,0,0
-1336.869,1596.102,333.445,0,0
-1335.158,1602.365,334.029,0,0
-1333.354,1608.562,334.610,0,0
-1331.663,1614.781,335.190,0,0
-1330.106,1621.062,335.773,0,0
-1328.662,1627.366,336.355,0,0
-1327.488,1633.616,336.927,0,0
-1326.640,1639.531,337.465,0,0
-1326.039,1645.397,337.996,0,0
-1325.775,1651.194,338.518,0,0
-1325.938,1656.694,339.013,0,0
-1326.414,1662.128,339.504,0,0
-1326.990,1667.536,339.994,0,0
-1327.626,1672.879,340.478,0,0
-1328.361,1678.196,340.961,0,0
-1329.085,1683.476,341.441,0,0
-1329.841,1688.643,341.911,0,0
-1330.586,1693.774,342.377,0,0
-1331.048,1698.772,342.829,0,0
-1331.165,1703.193,343.227,0,0
-1331.044,1707.502,343.615,0,0
-1330.599,1711.729,343.997,0,0
-1329.791,1715.806,344.372,0,0
-1328.674,1719.806,344.745,0,0
-1327.339,1723.696,345.115,0,0
-1325.784,1727.351,345.473,0,0
-1324.018,1730.900,345.830,0,0
-1322.233,1734.472,346.189,0,0
-1320.405,1738.179,346.561,0,0
-1318.557,1741.910,346.936,0,0
-1316.827,1745.693,347.310,0,0
-1315.183,1749.558,347.688,0,0
-1313.658,1753.476,348.067,0,0
-1312.486,1757.404,348.435,0,0
-1311.739,1761.160,348.780,0,0
-1311.311,1764.926,349.121,0,0
-1311.306,1768.625,349.454,0,0
-1311.733,1772.146,349.773,0,0
-1312.559,1775.605,350.093,0,0
-1313.800,1778.933,350.413,0,0
-1315.603,1782.254,350.753,0,0
-1317.860,1785.433,351.104,0,0
-1320.414,1788.447,351.460,0,0
-1323.441,1791.449,351.843,0,0
-1326.802,1794.266,352.238,0,0
-1330.366,1796.944,352.639,0,0
-1334.362,1799.621,353.072,0,0
-1338.585,1802.143,353.515,0,0
-1342.890,1804.581,353.960,0,0
-1347.306,1806.938,354.411,0,0
-1351.807,1809.209,354.864,0,0
-1356.411,1811.594,355.331,0,0
-1361.601,1814.370,355.861,0,0
-1366.912,1817.283,356.406,0,0
-1372.195,1820.411,356.958,0,0
-1377.662,1823.976,357.546,0,0
-1383.097,1827.775,358.143,0,0
-1388.417,1831.691,358.737,0,0
-1393.539,1835.640,359.319,0,0
-1398.548,1839.703,359.900,0,0
-1403.435,1843.880,360.478,0,0
-1408.136,1848.141,361.049,0,0
-1412.718,1852.513,361.619,0,0
-1417.249,1856.977,362.192,0,0
-1421.848,1861.630,362.781,0,0
-1426.395,1866.378,363.372,0,0
-1430.785,1871.102,363.953,0,0
-1434.741,1875.527,364.487,0,0
-1438.556,1879.931,365.011,0,0
-1442.263,1884.251,365.524,0,0
-1445.605,1888.164,365.987,0,0
-1448.852,1892.004,366.439,0,0
-1452.100,1895.844,366.892,0,0
-1455.379,1899.709,367.348,0,0
-1458.658,1903.573,367.804,0,0
-1461.936,1907.437,368.260,0,0
-1465.185,1911.282,368.713,0,0
-1468.434,1915.126,369.166,0,0
-1471.773,1919.030,369.629,0,0
-1475.483,1923.319,370.139,0,0
-1479.296,1927.674,370.660,0,0
-1483.135,1931.956,370.495,0,0
-1486.891,1936.052,370.023,0,0
-1490.673,1940.077,369.552,0,0
-1494.509,1943.988,369.129,0,0
-1498.284,1947.696,368.761,0,0
-1502.111,1951.294,368.418,0,0
-1506.094,1954.748,368.078,0,0
-1510.340,1958.096,367.739,0,0
-1514.746,1961.295,367.404,0,0
-1519.296,1964.347,367.076,0,0
-1524.105,1967.309,366.755,0,0
-1529.064,1970.117,366.442,0,0
-1534.115,1972.785,366.149,0,0
-1539.309,1975.287,365.909,0,0
-1544.598,1977.647,365.757,0,0
-1549.915,1980.020,365.698,0,0
-1555.339,1982.488,365.693,0,0
-1560.793,1984.969,365.713,0,0
-1566.255,1987.506,365.772,0,0
-1571.838,1990.146,365.885,0,0
-1577.429,1992.844,366.032,0,0
-1582.935,1995.619,366.173,0,0
-1588.224,1998.420,366.285,0,0
-1593.431,2001.295,366.362,0,0
-1598.549,2004.248,366.410,0,0
-1603.499,2007.256,366.440,0,0
-1608.363,2010.338,366.470,0,0
-1613.098,2013.394,366.508,0,0
-1617.337,2016.176,366.547,0,0
-1621.463,2018.937,366.573,0,0
-1625.692,2021.765,366.583,0,0
-1630.484,2024.904,366.576,0,0
-1635.396,2028.123,366.544,0,0
-1640.288,2031.468,366.481,0,0
-1645.257,2035.065,366.377,0,0
-1650.206,2038.795,366.230,0,0
-1655.134,2042.647,366.049,0,0
-1660.277,2046.681,365.873,0,0
-1665.397,2050.844,365.789,0,0
-1670.230,2055.301,365.891,0,0
-1674.726,2060.170,366.208,0,0
-1678.931,2065.337,366.683,0,0
-1682.791,2070.690,367.215,0,0
-1686.312,2076.125,367.723,0,0
-1689.500,2081.742,368.157,0,0
-1692.114,2087.465,368.504,0,0
-1693.950,2093.003,368.778,0,0
-1695.269,2098.638,369.005,0,0
-1696.198,2104.296,369.200,0,0
-1696.776,2109.866,369.360,0,0
-1696.978,2115.459,369.476,0,0
-1696.793,2121.036,369.545,0,0
-1696.120,2126.627,369.567,0,0
-1695.057,2132.201,369.547,0,0
-1693.900,2137.687,369.494,0,0
-1692.761,2142.842,369.413,0,0
-1691.533,2147.916,369.307,0,0
-1690.305,2152.990,369.180,0,0
-1689.106,2158.091,369.038,0,0
-1687.908,2163.193,368.883,0,0
-1686.710,2168.293,368.716,0,0
-1685.511,2173.395,368.536,0,0
-1684.312,2178.496,368.343,0,0
-1683.114,2183.596,368.138,0,0
-1681.915,2188.698,367.927,0,0
-1680.717,2193.799,367.732,0,0
-1679.519,2198.899,367.582,0,0
-1678.320,2204.001,367.488,0,0
-1677.122,2209.102,367.435,0,0
-1675.923,2214.203,367.396,0,0
-1674.725,2219.304,367.362,0,0
-1673.526,2224.404,367.330,0,0
-1672.328,2229.506,367.300,0,0
-1671.130,2234.606,367.273,0,0
-1669.931,2239.707,367.249,0,0
-1668.732,2244.809,367.227,0,0
-1667.534,2249.909,367.207,0,0
-1666.336,2255.010,367.179,0,0
-1665.137,2260.112,367.128,0,0
-1663.939,2265.212,367.032,0,0
-1662.740,2270.313,366.870,0,0
-1661.542,2275.415,366.637,0,0
-1660.343,2280.516,366.371,0,0
-1659.145,2285.617,366.144,0,0
-1657.946,2290.718,366.008,0,0
-1656.748,2295.819,365.956,0,0
-1655.549,2300.920,365.944,0,0
-1654.351,2306.022,365.942,0,0
-1653.152,2311.122,365.939,0,0
-1651.954,2316.224,365.933,0,0
-1650.755,2321.325,365.926,0,0
-1649.547,2326.431,365.919,0,0
-1648.339,2331.538,365.913,0,0
-1647.160,2336.628,365.907,0,0
-1646.017,2341.630,365.898,0,0
-1644.903,2346.616,365.879,0,0
-1643.868,2351.587,365.842,0,0
-1642.923,2356.457,365.786,0,0
-1642.055,2361.314,365.720,0,0
-1641.328,2366.156,365.650,0,0
-1640.753,2370.893,365.581,0,0
-1640.314,2375.615,365.513,0,0
-1640.073,2380.315,365.446,0,0
-1640.026,2384.911,365.380,0,0
-1640.169,2389.485,365.316,0,0
-1640.568,2394.018,365.252,0,0
-1641.251,2398.469,365.190,0,0
-1642.186,2402.879,365.139,0,0
-1643.329,2407.254,365.109,0,0
-1644.696,2411.665,365.102,0,0
-1646.279,2416.040,365.096,0,0
-1648.052,2420.367,365.060,0,0
-1650.072,2424.729,364.977,0,0
-1652.289,2429.042,364.857,0,0
-1654.638,2433.313,364.725,0,0
-1657.152,2437.624,364.598,0,0
-1659.802,2441.892,364.479,0,0
-1662.555,2446.115,364.372,0,0
-1665.450,2450.335,364.275,0,0
-1668.450,2454.509,364.193,0,0
-1671.503,2458.650,364.147,0,0
-1674.590,2462.780,364.173,0,0
-1677.731,2466.877,364.290,0,0
-1680.967,2470.928,364.469,0,0
-1684.371,2474.983,364.649,0,0
-1687.872,2478.991,364.795,0,0
-1691.434,2482.969,364.904,0,0
-1695.080,2486.964,364.995,0,0
-1698.788,2490.928,365.081,0,0
-1702.555,2494.862,365.167,0,0
-1706.427,2498.801,365.254,0,0
-1710.359,2502.710,365.340,0,0
-1714.330,2506.606,365.425,0,0
-1718.378,2510.539,365.506,0,0
-1722.466,2514.460,365.589,0,0
-1726.594,2518.369,365.690,0,0
-1730.817,2522.304,365.840,0,0
-1735.081,2526.227,366.048,0,0
-1739.345,2530.150,366.261,0,0
-1743.545,2534.081,366.386,0,0
-1747.745,2538.012,366.365,0,0
-1752.096,2541.932,366.212,0,0
-1756.950,2546.101,365.970,0,0
-1761.972,2550.259,365.668,0,0
-1767.070,2554.295,365.319,0,0
-1772.180,2558.152,364.926,0,0
-1777.365,2561.889,364.498,0,0
-1782.621,2565.501,364.052,0,0
-1787.926,2568.974,363.620,0,0
-1793.303,2572.324,363.223,0,0
-1798.748,2575.548,362.847,0,0
-1804.249,2578.637,362.465,0,0
-1809.818,2581.601,362.063,0,0
-1815.452,2584.436,361.648,0,0
-1821.194,2587.150,361.249,0,0
-1827.001,2589.736,360.911,0,0
-1832.733,2592.166,360.671,0,0
-1837.968,2594.211,360.570,0,0
-1843.137,2596.117,360.677,0,0
-1848.367,2598.155,361.023,0,0
-1854.065,2600.561,361.532,0,0
-1859.832,2603.114,362.076,0,0
-1865.531,2605.796,362.571,0,0
-1871.113,2608.599,362.994,0,0
-1876.629,2611.532,363.341,0,0
-1882.073,2614.591,363.613,0,0
-1887.452,2617.781,363.809,0,0
-1892.760,2621.098,363.927,0,0
-1897.993,2624.538,363.972,0,0
-1903.169,2628.115,363.978,0,0
-1908.269,2631.817,364.019,0,0
-1913.291,2635.639,364.169,0,0
-1918.292,2639.637,364.420,0,0
-1923.213,2643.757,364.693,0,0
-1927.967,2647.893,364.935,0,0
-1932.255,2651.797,365.185,0,0
-1936.393,2655.716,365.543,0,0
-1940.491,2659.648,366.054,0,0
-1944.548,2663.556,366.561,0,0
-1948.567,2667.477,367.067,0,0
-1952.546,2671.412,367.570,0,0
-1956.447,2675.323,368.067,0,0
-1960.310,2679.247,368.563,0,0
-1964.133,2683.186,369.057,0,0
-1967.878,2687.099,369.472,0,0
-1971.585,2691.026,369.735,0,0
-1975.251,2694.968,369.918,0,0
-1978.841,2698.884,370.019,0,0
-1982.392,2702.814,370.050,0,0
-1985.901,2706.759,370.027,0,0
-1989.322,2710.683,369.974,0,0
-1992.702,2714.621,369.934,0,0
-1996.082,2718.558,369.962,0,0
-1999.476,2722.492,370.077,0,0
-2002.869,2726.425,370.245,0,0
-2006.263,2730.358,370.422,0,0
-2009.632,2734.280,370.589,0,0
-2013.001,2738.201,370.745,0,0
-2016.444,2742.158,370.895,0,0
-2020.171,2746.389,371.041,0,0
-2023.978,2750.658,371.184,0,0
-2027.799,2754.826,371.320,0,0
-2031.467,2758.728,371.445,0,0
-2035.148,2762.534,371.555,0,0
-2038.881,2766.203,371.657,0,0
-2042.568,2769.624,371.777,0,0
-2046.304,2772.916,371.953,0,0
-2050.072,2776.044,372.210,0,0
-2053.640,2778.868,372.550,0,0
-2057.236,2781.542,372.953,0,0
-2061.016,2784.068,373.362,0,0
-2065.349,2786.593,373.814,0,0
-2069.888,2788.952,374.274,0,0
-2074.371,2791.081,374.721,0,0
-2078.365,2792.745,375.110,0,0
-2082.313,2794.215,375.489,0,0
-2086.230,2795.712,375.867,0,0
-2090.100,2797.261,376.242,0,0
-2093.941,2798.836,376.615,0,0
-2097.673,2800.521,376.984,0,0
-2101.153,2802.254,377.334,0,0
-2104.532,2804.088,377.680,0,0
-2107.768,2806.087,378.022,0,0
-2110.899,2808.164,378.360,0,0
-2113.893,2810.397,378.696,0,0
-2116.374,2812.935,379.016,0,0
-2118.040,2815.670,379.304,0,0
-2119.255,2818.672,379.596,0,0
-2120.241,2821.841,379.871,0,0
-2121.086,2825.500,379.767,0,0
-2121.657,2829.358,379.600,0,0
-2122.103,2833.307,379.364,0,0
-2122.453,2837.564,379.063,0,0
-2122.663,2841.921,378.703,0,0
-2122.852,2846.353,378.308,0,0
-2123.052,2851.088,377.926,0,0
-2123.231,2855.904,377.621,0,0
-2123.442,2860.780,377.422,0,0
-2123.693,2865.934,377.302,0,0
-2123.980,2871.154,377.221,0,0
-2124.374,2876.343,377.165,0,0
-2124.889,2881.413,377.137,0,0
-2125.509,2886.453,377.139,0,0
-2126.236,2891.460,377.170,0,0
-2127.054,2896.336,377.231,0,0
-2127.976,2901.178,377.332,0,0
-2129.030,2906.132,377.495,0,0
-2130.359,2911.761,377.743,0,0
-2131.843,2917.523,378.070,0,0
-2133.421,2923.231,378.448,0,0
-2135.034,2928.763,378.849,0,0
-2136.738,2934.243,379.268,0,0
-2138.586,2939.639,379.709,0,0
-2140.550,2944.877,380.172,0,0
-2142.654,2950.033,380.663,0,0
-2144.939,2955.090,381.163,0,0
-2147.411,2960.024,381.659,0,0
-2150.064,2964.859,382.156,0,0
-2152.892,2969.584,382.651,0,0
-2155.914,2974.265,383.153,0,0
-2159.113,2978.836,383.655,0,0
-2162.444,2983.120,384.143,0,0
-2165.667,2986.708,384.577,0,0
-2169.004,2990.047,385.002,0,0
-2172.407,2993.406,385.432,0,0
-2175.996,2996.987,385.889,0,0
-2179.655,3000.589,386.351,0,0
-2183.338,3004.243,386.818,0,0
-2187.152,3008.070,387.304,0,0
-2190.991,3011.952,387.795,0,0
-2194.822,3015.898,388.290,0,0
-2198.707,3019.991,388.798,0,0
-2202.583,3024.151,389.310,0,0
-2206.449,3028.372,389.825,0,0
-2210.384,3032.754,390.355,0,0
-2214.308,3037.201,390.889,0,0
-2218.219,3041.663,391.423,0,0
-2222.103,3046.163,391.958,0,0
-2225.973,3050.678,392.493,0,0
-2229.861,3055.088,393.022,0,0
-2233.573,3059.229,393.523,0,0
-2237.302,3063.272,394.018,0,0
-2241.283,3067.183,394.520,0,0
-2245.897,3071.183,395.070,0,0
-2250.791,3075.037,395.630,0,0
-2255.795,3078.660,396.186,0,0
-2260.755,3081.970,396.723,0,0
-2265.821,3085.060,397.257,0,0
-2270.984,3087.909,397.788,0,0
-2276.181,3090.464,398.309,0,0
-2281.472,3092.785,398.829,0,0
-2286.851,3094.930,399.350,0,0
-2292.373,3096.923,399.879,0,0
-2297.984,3098.736,400.409,0,0
-2303.666,3100.407,400.942,0,0
-2309.566,3101.986,401.492,0,0
-2315.540,3103.418,402.045,0,0
-2321.387,3104.648,402.583,0,0
-2326.515,3105.559,403.051,0,0
-2331.534,3106.299,403.508,0,0
-2336.705,3106.941,403.977,0,0
-2342.625,3107.552,404.513,0,0
-2348.723,3108.049,405.063,0,0
-2354.850,3108.440,405.616,0,0
-2361.033,3108.730,406.173,0,0
-2367.245,3108.912,406.732,0,0
-2373.484,3108.989,407.294,0,0
-2379.832,3108.949,407.865,0,0
-2386.207,3108.802,408.439,0,0
-2392.605,3108.589,409.015,0,0
-2399.101,3108.304,409.600,0,0
-2405.621,3107.952,410.188,0,0
-2412.206,3107.576,410.781,0,0
-2419.195,3107.150,411.412,0,0
-2426.253,3106.699,412.048,0,0
-2433.062,3106.307,412.662,0,0
-2438.838,3106.000,413.183,0,0
-2444.413,3105.740,413.685,0,0
-2449.877,3105.616,414.177,0,0
-2454.968,3105.621,414.635,0,0
-2459.960,3105.747,415.084,0,0
-2464.807,3106.084,415.522,0,0
-2469.181,3106.579,415.918,0,0
-2473.430,3107.256,416.305,0,0
-2477.469,3108.221,416.679,0,0
-2481.022,3109.314,417.013,0,0
-2484.400,3110.649,417.340,0,0
-2487.398,3112.451,417.655,0,0
-2489.843,3114.820,417.961,0,0
-2491.922,3117.640,418.277,0,0
-2493.835,3120.711,418.602,0,0
-2495.803,3124.435,418.982,0,0
-2497.563,3128.473,419.378,0,0
-2499.257,3132.622,419.781,0,0
-2501.002,3137.104,420.214,0,0
-2502.674,3141.709,420.655,0,0
-2504.330,3146.270,421.092,0,0
-2505.912,3150.644,421.510,0,0
-2507.479,3154.975,421.925,0,0
-2509.120,3159.139,422.328,0,0
-2510.687,3162.896,422.694,0,0
-2512.316,3166.511,423.051,0,0
-2514.109,3169.647,423.376,0,0
-2515.667,3171.906,423.623,0,0
-2517.328,3173.864,423.854,0,0
-2519.115,3174.924,424.041,0,0
-2520.959,3174.790,424.207,0,0
-2522.911,3173.876,424.402,0,0
-2524.804,3172.564,424.609,0,0
-2527.083,3170.204,424.904,0,0
-2529.256,3167.146,425.242,0,0
-2531.506,3163.926,425.595,0,0
-2534.290,3160.132,426.019,0,0
-2537.176,3156.122,426.463,0,0
-2540.105,3152.126,426.909,0,0
-2543.068,3148.152,427.355,0,0
-2546.075,3144.194,427.803,0,0
-2549.169,3140.348,428.247,0,0
-2552.306,3136.609,428.686,0,0
-2555.529,3132.979,429.123,0,0
-2558.866,3129.750,429.541,0,0
-2561.997,3127.199,429.905,0,0
-2565.222,3124.972,430.257,0,0
-2568.479,3123.294,430.587,0,0
-2571.350,3122.257,430.862,0,0
-2574.246,3121.633,431.128,0,0
-2577.061,3121.691,431.382,0,0
-2579.823,3122.660,431.645,0,0
-2582.500,3124.344,431.930,0,0
-2585.111,3126.411,432.230,0,0
-2588.156,3129.321,432.609,0,0
-2591.105,3132.779,433.018,0,0
-2593.959,3136.585,433.446,0,0
-2597.160,3141.468,433.971,0,0
-2600.233,3146.822,434.527,0,0
-2603.173,3152.348,435.090,0,0
-2606.097,3158.226,435.681,0,0
-2608.875,3164.293,436.282,0,0
-2611.522,3170.493,436.888,0,0
-2614.151,3177.073,437.526,0,0
-2616.641,3183.795,438.171,0,0
-2618.923,3190.506,438.809,0,0
-2620.915,3196.975,439.418,0,0
-2622.712,3203.434,440.022,0,0
-2624.312,3209.802,440.613,0,0
-2625.632,3215.712,441.158,0,0
-2626.778,3221.542,441.692,0,0
-2627.771,3227.226,442.212,0,0
-2628.519,3232.252,442.669,0,0
-2629.138,3237.155,443.114,0,0
-2629.733,3242.064,443.559,0,0
-2630.331,3247.027,444.009,0,0
-2630.905,3251.996,444.459,0,0
-2631.478,3256.965,444.681,0,0
-2632.060,3261.933,444.581,0,0
-2632.642,3266.900,444.496,0,0
-2633.224,3271.867,444.461,0,0
-2633.806,3276.834,444.509,0,0
-2634.388,3281.802,444.636,0,0
-2634.970,3286.769,444.806,0,0
-2635.552,3291.736,444.989,0,0
-2636.133,3296.703,445.171,0,0
-2636.715,3301.670,445.351,0,0
-2637.297,3306.638,445.527,0,0
-2637.879,3311.605,445.702,0,0
-2638.461,3316.572,445.873,0,0
-2639.043,3321.539,446.042,0,0
-2639.625,3326.506,446.211,0,0
-2640.206,3331.473,446.382,0,0
-2640.788,3336.441,446.562,0,0
-2641.370,3341.408,446.749,0,0
-2641.952,3346.375,446.941,0,0
-2642.534,3351.342,447.134,0,0
-2643.116,3356.310,447.325,0,0
-2643.698,3361.277,447.513,0,0
-2644.279,3366.244,447.697,0,0
-2644.861,3371.211,447.875,0,0
-2645.443,3376.178,448.046,0,0
-2646.025,3381.146,448.214,0,0
-2646.607,3386.113,448.381,0,0
-2647.189,3391.080,448.550,0,0
-2647.771,3396.048,448.725,0,0
-2648.353,3401.015,448.907,0,0
-2648.934,3405.982,449.094,0,0
-2649.516,3410.949,449.286,0,0
-2650.098,3415.917,449.481,0,0
-2650.680,3420.883,449.679,0,0
-2651.262,3425.851,449.881,0,0
-2651.844,3430.819,450.087,0,0
-2652.426,3435.785,450.295,0,0
-2653.008,3440.753,450.508,0,0
-2653.589,3445.720,450.732,0,0
-2654.171,3450.687,450.989,0,0
-2654.753,3455.655,451.309,0,0
-2655.335,3460.622,451.702,0,0
-2655.917,3465.588,452.145,0,0
-2656.499,3470.556,452.595,0,0
-2657.081,3475.524,453.046,0,0
-2657.662,3480.490,453.496,0,0
-2658.244,3485.458,453.946,0,0
-2658.826,3490.425,454.396,0,0
-2659.408,3495.391,454.846,0,0
-2659.988,3500.345,455.295,0,0
-2660.569,3505.299,455.744,0,0
-2661.154,3510.293,456.196,0,0
-2661.736,3515.443,456.663,0,0
-2662.323,3520.636,457.133,0,0
-2662.986,3525.932,457.613,0,0
-2663.801,3531.750,458.142,0,0
-2664.701,3537.686,458.682,0,0
-2665.683,3543.645,459.226,0,0
-2666.768,3549.708,459.780,0,0
-2667.937,3555.796,460.338,0,0
-2669.187,3561.907,460.900,0,0
-2670.552,3568.187,461.478,0,0
-2672.000,3574.491,462.060,0,0
-2673.498,3580.717,462.636,0,0
-2675.004,3586.648,463.187,0,0
-2676.557,3592.506,463.733,0,0
-2678.110,3598.305,464.273,0,0
-2679.640,3603.920,464.797,0,0
-2681.171,3609.479,465.316,0,0
-2682.594,3614.874,465.818,0,0
-2683.774,3619.569,466.254,0,0
-2684.866,3624.131,466.676,0,0
-2685.821,3628.615,467.088,0,0
-2686.565,3632.777,467.469,0,0
-2687.189,3636.871,467.842,0,0
-2687.720,3640.849,468.203,0,0
-2688.118,3644.344,468.519,0,0
-2688.438,3647.742,468.826,0,0
-2688.718,3651.091,469.129,0,0
-2688.935,3654.275,469.416,0,0
-2689.114,3657.415,469.699,0,0
-2689.328,3660.464,469.974,0,0
-2689.539,3663.172,470.219,0,0
-2689.778,3665.803,470.457,0,0
-2690.160,3668.363,470.689,0,0
-2690.667,3670.748,470.909,0,0
-2691.304,3673.068,471.126,0,0
-2692.144,3675.283,471.339,0,0
-2693.203,3677.365,471.549,0,0
-2694.459,3679.344,471.760,0,0
-2695.881,3681.163,471.968,0,0
-2697.449,3682.806,472.172,0,0
-2699.180,3684.292,472.377,0,0
-2701.049,3685.551,472.580,0,0
-2703.127,3686.673,472.793,0,0
-2705.346,3687.562,473.008,0,0
-2707.545,3687.913,473.208,0,0
-2709.687,3687.571,473.403,0,0
-2711.809,3686.703,473.610,0,0
-2713.790,3685.491,473.819,0,0
-2715.767,3683.719,474.058,0,0
-2717.568,3681.516,474.314,0,0
-2719.284,3679.105,474.580,0,0
-2721.130,3676.170,474.892,0,0
-2722.867,3672.967,475.220,0,0
-2724.591,3669.601,475.561,0,0
-2726.523,3665.639,475.957,0,0
-2728.440,3661.473,476.370,0,0
-2730.396,3657.229,476.791,0,0
-2732.468,3652.634,477.244,0,0
-2734.585,3647.953,477.707,0,0
-2736.923,3643.385,478.168,0,0
-2739.559,3639.001,478.629,0,0
-2742.419,3634.731,479.091,0,0
-2745.487,3630.494,479.562,0,0
-2748.960,3626.002,480.073,0,0
-2752.667,3621.546,480.595,0,0
-2756.597,3617.178,481.124,0,0
-2761.014,3612.682,481.691,0,0
-2765.676,3608.282,482.268,0,0
-2770.376,3604.085,482.835,0,0
-2774.818,3600.317,483.359,0,0
-2779.294,3596.733,483.875,0,0
-2783.808,3593.325,484.384,0,0
-2788.168,3590.194,484.867,0,0
-2792.563,3587.225,485.345,0,0
-2797.063,3584.459,485.820,0,0
-2801.663,3581.908,486.294,0,0
-2806.365,3579.558,486.767,0,0
-2811.159,3577.466,487.237,0,0
-2816.050,3575.676,487.706,0,0
-2821.031,3574.139,488.175,0,0
-2825.941,3572.833,488.633,0,0
-2830.332,3571.767,489.039,0,0
-2834.663,3570.899,489.437,0,0
-2839.112,3570.382,489.840,0,0
-2844.094,3570.284,490.288,0,0
-2849.209,3570.585,490.750,0,0
-2854.317,3571.248,491.213,0,0
-2859.556,3572.323,491.694,0,0
-2864.786,3573.783,492.183,0,0
-2869.904,3575.554,492.671,0,0
-2874.904,3577.616,493.157,0,0
-2879.790,3579.989,493.646,0,0
-2884.507,3582.668,494.134,0,0
-2889.040,3585.729,494.476,0,0
-2893.399,3589.102,494.515,0,0
-2897.690,3592.638,494.508,0,0
-2902.080,3596.455,494.460,0,0
-2906.397,3600.444,494.420,0,0
-2910.589,3604.415,494.433,0,0
-2914.402,3608.115,494.504,0,0
-2918.102,3611.800,494.606,0,0
-2921.791,3615.437,494.721,0,0
-2925.416,3618.924,494.843,0,0
-2929.029,3622.365,494.974,0,0
-2932.643,3625.807,495.119,0,0
-2936.261,3629.264,495.278,0,0
-2939.878,3632.720,495.451,0,0
-2943.496,3636.176,495.638,0,0
-2947.113,3639.633,495.839,0,0
-2950.731,3643.089,496.053,0,0
-2954.348,3646.546,496.277,0,0
-2957.966,3650.002,496.504,0,0
-2961.583,3653.459,496.736,0,0
-2965.200,3656.915,496.986,0,0
-2968.818,3660.372,497.273,0,0
-2972.435,3663.828,497.601,0,0
-2976.052,3667.284,497.959,0,0
-2979.648,3670.700,498.336,0,0
-2983.244,3674.117,498.740,0,0
-2986.905,3677.654,499.182,0,0
-2991.004,3681.697,499.671,0,0
-2995.178,3685.882,500.198,0,0
-2999.296,3690.090,500.728,0,0
-3003.263,3694.182,501.240,0,0
-3007.174,3698.298,501.751,0,0
-3011.029,3702.591,502.271,0,0
-3015.028,3707.342,502.830,0,0
-3018.965,3712.290,503.399,0,0
-3022.838,3717.469,503.981,0,0
-3026.946,3723.326,504.625,0,0
-3030.979,3729.449,505.138,0,0
-3034.876,3735.772,505.477,0,0
-3038.814,3742.632,505.849,0,0
-3042.603,3749.708,506.253,0,0
-3046.121,3756.771,506.684,0,0
-3049.151,3763.404,507.154,0,0
-3051.936,3770.025,507.691,0,0
-3054.577,3776.681,508.318,0,0
-3057.137,3783.414,508.967,0,0
-3059.555,3790.182,509.613,0,0
-3061.700,3796.777,510.238,0,0
-3063.424,3802.568,510.781,0,0
-3064.925,3808.219,511.308,0,0
-3066.018,3813.597,511.801,0,0
-3066.611,3817.922,512.194,0,0
-3066.913,3822.054,512.567,0,0
-3066.806,3825.889,512.913,0,0
-3066.465,3828.820,513.178,0,0
-3065.843,3831.547,513.430,0,0
-3064.664,3834.062,513.680,0,0
-3062.426,3836.614,513.985,0,0
-3059.471,3838.892,514.321,0,0
-3056.168,3841.017,514.675,0,0
-3051.804,3843.348,515.120,0,0
-3046.949,3845.463,515.596,0,0
-3042.015,3847.498,516.077,0,0
-3036.989,3849.504,516.564,0,0
-3031.879,3851.427,517.055,0,0
-3026.780,3853.392,517.547,0,0
-3021.668,3855.426,518.042,0,0
-3016.567,3857.504,518.538,0,0
-3011.578,3859.695,519.028,0,0
-3006.723,3861.892,519.508,0,0
-3001.973,3864.196,519.983,0,0
-2997.789,3866.781,520.426,0,0
-2994.704,3869.224,520.780,0,0
-2992.024,3871.867,521.119,0,0
-2990.101,3874.745,521.430,0,0
-2989.239,3877.594,521.698,0,0
-2989.001,3880.635,521.973,0,0
-2989.034,3883.789,522.256,0,0
-2989.308,3887.469,522.589,0,0
-2989.926,3891.292,522.937,0,0
-2990.750,3895.172,523.294,0,0
-2991.873,3899.416,523.689,0,0
-2993.237,3903.728,524.096,0,0
-2994.705,3908.104,524.512,0,0
-2996.359,3912.874,524.966,0,0
-2998.131,3917.717,525.430,0,0
-2999.944,3922.529,525.893,0,0
-3001.771,3927.263,526.350,0,0
-3003.639,3931.967,526.805,0,0
-3005.521,3936.577,527.253,0,0
-3007.303,3940.895,527.674,0,0
-3009.098,3945.128,528.088,0,0
-3010.963,3949.194,528.490,0,0
-3012.731,3952.829,528.854,0,0
-3014.559,3956.322,529.209,0,0
-3016.565,3959.545,529.550,0,0
-3018.545,3962.305,529.856,0,0
-3020.675,3964.839,530.154,0,0
-3023.106,3966.909,530.441,0,0
-3025.912,3968.398,530.727,0,0
-3029.016,3969.428,531.022,0,0
-3032.292,3970.083,531.322,0,0
-3036.121,3970.307,531.668,0,0
-3040.161,3970.072,532.032,0,0
-3044.258,3969.663,532.402,0,0
-3048.599,3969.094,532.796,0,0
-3053.004,3968.332,533.199,0,0
-3057.427,3967.525,533.603,0,0
-3061.933,3966.666,534.016,0,0
-3066.458,3965.762,534.431,0,0
-3070.991,3964.945,534.846,0,0
-3075.521,3964.187,535.259,0,0
-3080.057,3963.516,535.672,0,0
-3084.534,3963.162,536.076,0,0
-3088.758,3963.100,536.456,0,0
-3092.928,3963.327,536.832,0,0
-3096.967,3964.117,536.641,0,0
-3100.923,3965.675,536.347,0,0
-3104.741,3967.826,536.101,0,0
-3108.489,3970.362,535.998,0,0
-3112.647,3973.704,536.050,0,0
-3116.716,3977.532,536.232,0,0
-3120.677,3981.503,536.516,0,0
-3124.601,3985.562,536.888,0,0
-3128.414,3989.767,537.347,0,0
-3132.047,3994.120,537.857,0,0
-3135.540,3998.578,538.367,0,0
-3138.852,4003.183,538.877,0,0
-3141.831,4008.106,539.395,0,0
-3144.589,4013.956,539.977,0,0
-3146.962,4020.171,540.576,0,0
-3148.991,4026.291,541.156,0,0
-3150.610,4031.721,541.666,0,0
-3151.940,4037.072,542.163,0,0
-3152.835,4042.210,542.632,0,0
-3153.191,4046.422,543.012,0,0
-3153.220,4050.476,543.377,0,0
-3152.998,4054.473,543.738,0,0
-3152.596,4058.365,544.090,0,0
-3151.957,4062.205,544.440,0,0
-3150.985,4065.934,544.787,0,0
-3149.668,4069.616,545.139,0,0
-3148.023,4073.188,545.493,0,0
-3146.027,4076.347,545.829,0,0
-3143.848,4078.634,546.113,0,0
-3141.382,4080.583,546.396,0,0
-3138.834,4082.545,546.686,0,0
-3136.059,4084.775,547.006,0,0
-3133.190,4087.019,547.334,0,0
-3130.322,4089.302,547.664,0,0
-3127.401,4091.669,548.002,0,0
-3124.481,4094.075,548.343,0,0
-3121.657,4096.545,548.680,0,0
-3118.966,4099.025,549.010,0,0
-3116.367,4101.567,549.337,0,0
-3114.006,4104.192,549.655,0,0
-3112.030,4106.736,549.945,0,0
-3110.262,4109.352,550.229,0,0
-3108.800,4112.011,550.502,0,0
-3107.690,4114.511,550.748,0,0
-3106.838,4117.046,550.989,0,0
-3106.453,4119.523,551.214,0,0
-3106.591,4121.734,551.414,0,0
-3107.123,4123.895,551.614,0,0
-3108.002,4125.964,551.816,0,0
-3109.430,4128.123,552.049,0,0
-3111.284,4130.169,552.298,0,0
-3113.364,4132.135,552.555,0,0
-3115.943,4134.259,552.856,0,0
-3118.811,4136.281,553.172,0,0
-3121.865,4138.240,553.498,0,0
-3125.461,4140.341,553.873,0,0
-3129.285,4142.365,554.263,0,0
-3133.244,4144.352,554.661,0,0
-3137.646,4146.449,555.100,0,0
-3142.202,4148.504,555.550,0,0
-3146.804,4150.543,556.003,0,0
-3151.532,4152.612,556.467,0,0
-3156.307,4154.665,556.935,0,0
-3161.083,4156.717,557.403,0,0
-3165.842,4158.776,557.870,0,0
-3170.602,4160.834,558.336,0,0
-3175.361,4162.892,558.803,0,0
-3180.121,4164.950,559.270,0,0
-3184.880,4167.008,559.737,0,0
-3189.640,4169.066,560.203,0,0
-3194.399,4171.125,560.670,0,0
-3199.159,4173.183,561.137,0,0
-3203.918,4175.241,561.603,0,0
-3208.677,4177.303,562.070,0,0
-3213.437,4179.366,562.537,0,0
-3218.197,4181.415,563.003,0,0
-3222.939,4183.439,563.467,0,0
-3227.682,4185.450,563.931,0,0
-3232.426,4187.447,564.394,0,0
-3237.152,4189.423,564.855,0,0
-3241.878,4191.385,565.316,0,0
-3246.606,4193.335,565.776,0,0
-3251.298,4195.284,566.233,0,0
-3255.991,4197.221,566.690,0,0
-3260.736,4199.080,567.149,0,0
-3265.599,4200.855,567.615,0,0
-3270.514,4202.551,568.083,0,0
-3275.477,4204.168,568.553,0,0
-3280.562,4205.703,569.031,0,0
-3285.697,4207.157,569.511,0,0
-3290.828,4208.601,569.991,0,0
-3295.897,4210.021,570.465,0,0
-3300.964,4211.431,570.938,0,0
-3306.101,4212.922,571.419,0,0
-3311.633,4214.569,571.939,0,0
-3317.245,4216.307,572.467,0,0
-3322.880,4218.264,573.004,0,0
-3328.874,4220.624,573.584,0,0
-3334.894,4223.228,573.911,0,0
-3340.761,4226.009,573.327,0,0
-3346.273,4228.798,572.771,0,0
-3351.641,4231.755,572.219,0,0
-3356.839,4235.091,571.663,0,0
-3362.054,4239.086,571.072,0,0
-3367.086,4243.490,570.470,0,0
-3371.929,4248.135,570.437,0,0
-3376.701,4253.073,570.775,0,0
-3381.279,4258.259,570.990,0,0
-3385.533,4263.628,571.064,0,0
-3389.342,4269.095,571.167,0,0
-3392.840,4274.738,571.472,0,0
-3396.067,4280.438,572.027,0,0
-3398.909,4285.914,572.582,0,0
-3401.499,4291.444,573.132,0,0
-3403.934,4297.180,573.692,0,0
-3406.433,4303.703,574.321,0,0
-3408.754,4310.461,574.964,0,0
-3410.803,4317.129,575.592,0,0
-3412.431,4323.142,576.153,0,0
-3413.821,4329.075,576.701,0,0
-3414.994,4335.029,577.247,0,0
-3415.953,4340.990,577.791,0,0
-3416.699,4346.971,578.333,0,0
-3417.228,4352.962,578.874,0,0
-3417.504,4358.965,579.415,0,0
-3417.564,4364.977,579.956,0,0
-3417.505,4370.929,580.492,0,0
-3417.298,4376.612,581.004,0,0
-3416.979,4382.239,581.511,0,0
-3416.757,4387.850,582.016,0,0
-3416.653,4393.349,582.512,0,0
-3416.644,4398.834,583.005,0,0
-3416.873,4404.414,583.508,0,0
-3417.433,4410.547,584.062,0,0
-3418.260,4416.788,584.629,0,0
-3419.335,4422.916,585.189,0,0
-3420.538,4428.662,585.717,0,0
-3421.974,4434.302,586.241,0,0
-3423.842,4439.870,586.769,0,0
-3426.432,4445.629,587.338,0,0
-3429.497,4451.309,587.918,0,0
-3432.725,4456.904,588.500,0,0
-3436.035,4462.430,589.080,0,0
-3439.510,4467.871,589.661,0,0
-3443.137,4473.245,590.244,0,0
-3447.018,4478.665,590.844,0,0
-3451.056,4484.016,591.447,0,0
-3455.095,4489.231,592.041,0,0
-3458.898,4493.999,592.590,0,0
-3462.704,4498.643,593.130,0,0
-3466.517,4503.326,593.674,0,0
-3470.468,4508.213,594.239,0,0
-3474.427,4513.141,594.808,0,0
-3478.217,4518.048,595.366,0,0
-3481.545,4522.612,595.875,0,0
-3484.722,4527.157,596.374,0,0
-3487.866,4531.767,596.876,0,0
-3491.093,4536.614,597.400,0,0
-3494.285,4541.528,597.927,0,0
-3497.379,4546.337,598.442,0,0
-3500.117,4550.631,598.900,0,0
-3502.770,4554.835,599.348,0,0
-3505.424,4559.040,599.103,0,0
-3508.105,4563.274,598.714,0,0
-3510.787,4567.508,598.327,0,0
-3513.469,4571.742,597.955,0,0
-3516.150,4575.976,597.603,0,0
-3518.832,4580.211,597.270,0,0
-3521.514,4584.445,596.958,0,0
-3524.195,4588.679,596.666,0,0
-3526.877,4592.913,596.395,0,0
-3529.559,4597.147,596.143,0,0
-3532.240,4601.381,595.912,0,0
-3534.922,4605.616,595.702,0,0
-3537.604,4609.850,595.517,0,0
-3540.285,4614.084,595.366,0,0
-3542.967,4618.318,595.258,0,0
-3545.649,4622.552,595.194,0,0
-3548.330,4626.786,595.161,0,0
-3551.012,4631.021,595.149,0,0
-3553.694,4635.255,595.152,0,0
-3556.373,4639.488,595.172,0,0
-3559.052,4643.722,595.209,0,0
-3561.739,4647.957,595.267,0,0
-3564.446,4652.210,595.348,0,0
-3567.161,4656.466,595.454,0,0
-3569.884,4660.723,595.584,0,0
-3572.625,4664.997,595.739,0,0
-3575.374,4669.274,595.913,0,0
-3578.131,4673.552,596.090,0,0
-3580.906,4677.847,596.243,0,0
-3583.689,4682.145,596.360,0,0
-3586.479,4686.444,596.457,0,0
-3589.287,4690.761,596.555,0,0
-3592.104,4695.079,596.666,0,0
-3594.928,4699.400,596.793,0,0
-3597.772,4703.738,596.936,0,0
-3600.625,4708.078,597.095,0,0
-3603.477,4712.419,597.271,0,0
-3606.327,4716.758,597.464,0,0
-3609.177,4721.098,597.675,0,0
-3612.027,4725.437,597.903,0,0
-3614.877,4729.777,598.147,0,0
-3617.727,4734.117,598.388,0,0
-3620.577,4738.456,598.594,0,0
-3623.427,4742.796,598.740,0,0
-3626.276,4747.135,598.846,0,0
-3629.126,4751.475,598.946,0,0
-3631.976,4755.815,599.060,0,0
-3634.826,4760.154,599.193,0,0
-3637.676,4764.494,599.345,0,0
-3640.627,4768.950,599.517,0,0
-3643.579,4773.407,599.705,0,0
-3646.226,4777.513,599.900,0,0
-3648.061,4780.406,600.102,0,0
-3649.718,4783.094,600.323,0,0
-3650.920,4785.348,600.553,0,0
-3651.406,4786.482,600.664,0,0
-3651.753,4787.483,600.759,0,0
-3651.759,4788.000,600.806,0,0
-3651.038,4787.582,600.737,0,0
-3649.832,4786.477,600.590,0,0
-3648.742,4785.469,600.457,0,0
-3648.249,4785.082,600.400,0,0
-3647.814,4784.743,600.370,0,0
-3647.234,4784.203,600.325,0,0
-3641.916,4778.037,600.229,0,0
-3634.741,4769.296,600.105,0,0
-3631.142,4764.856,599.983,0,0
